eventID,occurrenceID,sex,lifeStage,behavior,occurrenceStatus,associatedTaxa,scientificNameID,scientificName,kingdom
110004708,1100031820,,immature,,present,,urn:lsid:marinespecies.org:taxname:137138,Larus argentatus,Animalia
110004708,1100031821,,adult,,present,,urn:lsid:marinespecies.org:taxname:137138,Larus argentatus,Animalia
110004708,1100031822,,immature,,present,,urn:lsid:marinespecies.org:taxname:137138,Larus argentatus,Animalia
110004708,1100031823,,immature,,present,,urn:lsid:marinespecies.org:taxname:137138,Larus argentatus,Animalia
110004709,1100031824,female,,,present,,urn:lsid:marinespecies.org:taxname:137073,Melanitta nigra,Animalia
110004709,1100031825,male,,,present,,urn:lsid:marinespecies.org:taxname:137073,Melanitta nigra,Animalia
110004709,1100031826,,,,present,,urn:lsid:marinespecies.org:taxname:137133,Uria aalge,Animalia
110004709,1100031827,,immature,,present,,urn:lsid:marinespecies.org:taxname:137146,Larus marinus,Animalia
110004709,1100031828,,adult,,present,,urn:lsid:marinespecies.org:taxname:137141,Larus canus,Animalia
110004709,1100031829,,,,present,,urn:lsid:marinespecies.org:taxname:137182,Podiceps cristatus,Animalia
110004709,1100031830,,adult,,present,,urn:lsid:marinespecies.org:taxname:137138,Larus argentatus,Animalia
110004709,1100031831,,adult,,present,,urn:lsid:marinespecies.org:taxname:137141,Larus canus,Animalia
110004709,1100031832,,immature,,present,,urn:lsid:marinespecies.org:taxname:137138,Larus argentatus,Animalia
110004709,1100031833,,adult,,present,,urn:lsid:marinespecies.org:taxname:137141,Larus canus,Animalia
110004709,1100031834,,adult,,present,,urn:lsid:marinespecies.org:taxname:148776,Sula bassana,Animalia
110004709,1100031835,,,,present,,urn:lsid:marinespecies.org:taxname:137073,Melanitta nigra,Animalia
110004709,1100031836,,adult,,present,,urn:lsid:marinespecies.org:taxname:137141,Larus canus,Animalia
110004710,1100031837,male,,,present,,urn:lsid:marinespecies.org:taxname:137073,Melanitta nigra,Animalia
110004710,1100031838,female,,,present,,urn:lsid:marinespecies.org:taxname:137073,Melanitta nigra,Animalia
110004710,1100031839,,,,present,,urn:lsid:marinespecies.org:taxname:137188,Gavia stellata,Animalia
110004710,1100031840,,,,present,,urn:lsid:marinespecies.org:taxname:137073,Melanitta nigra,Animalia
110004710,1100031841,,,,present,,urn:lsid:marinespecies.org:taxname:232042,Tadorna tadorna,Animalia
110004710,1100031842,,,,present,,urn:lsid:marinespecies.org:taxname:137073,Melanitta nigra,Animalia
110004710,1100031843,,adult,,present,,urn:lsid:marinespecies.org:taxname:137188,Gavia stellata,Animalia
110004710,1100031844,,,,present,,urn:lsid:marinespecies.org:taxname:137073,Melanitta nigra,Animalia
110004710,1100031845,female,,,present,,urn:lsid:marinespecies.org:taxname:137073,Melanitta nigra,Animalia
110004710,1100031846,,,,present,,urn:lsid:marinespecies.org:taxname:137073,Melanitta nigra,Animalia
110004710,1100031847,,,,present,,urn:lsid:marinespecies.org:taxname:137073,Melanitta nigra,Animalia
110004710,1100031848,,,,present,,urn:lsid:marinespecies.org:taxname:137188,Gavia stellata,Animalia
110004710,1100031849,,,,present,,urn:lsid:marinespecies.org:taxname:137073,Melanitta nigra,Animalia
110004710,1100031850,,immature,,present,,urn:lsid:marinespecies.org:taxname:137188,Gavia stellata,Animalia
110004710,1100031851,,,,present,,urn:lsid:marinespecies.org:taxname:137128,Alca torda,Animalia
110004710,1100031852,,adult,,present,,urn:lsid:marinespecies.org:taxname:137188,Gavia stellata,Animalia
110004710,1100031853,,,,present,,urn:lsid:marinespecies.org:taxname:137057,Gavia sp.,Animalia
110004710,1100031854,,adult,,present,,urn:lsid:marinespecies.org:taxname:137188,Gavia stellata,Animalia
110004710,1100031855,,,,present,,urn:lsid:marinespecies.org:taxname:137057,Gavia sp.,Animalia
110004710,1100031856,,,,present,,urn:lsid:marinespecies.org:taxname:137188,Gavia stellata,Animalia
110004710,1100031857,,,,present,,urn:lsid:marinespecies.org:taxname:137073,Melanitta nigra,Animalia
110004710,1100031858,,adult,,present,,urn:lsid:marinespecies.org:taxname:137141,Larus canus,Animalia
110004711,1100031859,,,,present,,urn:lsid:marinespecies.org:taxname:137182,Podiceps cristatus,Animalia
110004711,1100031860,,,,present,,urn:lsid:marinespecies.org:taxname:137073,Melanitta nigra,Animalia
110004711,1100031861,,,,present,,urn:lsid:marinespecies.org:taxname:137073,Melanitta nigra,Animalia
110004711,1100031862,,,,present,,urn:lsid:marinespecies.org:taxname:137073,Melanitta nigra,Animalia
110004711,1100031863,,,,present,,urn:lsid:marinespecies.org:taxname:137188,Gavia stellata,Animalia
110004711,1100031864,,adult,,present,,urn:lsid:marinespecies.org:taxname:137188,Gavia stellata,Animalia
110004711,1100031865,,,,present,,urn:lsid:marinespecies.org:taxname:137073,Melanitta nigra,Animalia
110004711,1100031866,,,,present,,urn:lsid:marinespecies.org:taxname:137128,Alca torda,Animalia
110004711,1100031867,,,,present,,urn:lsid:marinespecies.org:taxname:137073,Melanitta nigra,Animalia
110004711,1100031868,,adult,,present,,urn:lsid:marinespecies.org:taxname:137146,Larus marinus,Animalia
110004711,1100031869,,,,present,,urn:lsid:marinespecies.org:taxname:137073,Melanitta nigra,Animalia
110004711,1100031870,,,,present,,urn:lsid:marinespecies.org:taxname:137073,Melanitta nigra,Animalia
110004711,1100031871,,,,present,,urn:lsid:marinespecies.org:taxname:137188,Gavia stellata,Animalia
110004711,1100031872,,,,present,,urn:lsid:marinespecies.org:taxname:137073,Melanitta nigra,Animalia
110004711,1100031873,,,,present,,urn:lsid:marinespecies.org:taxname:137073,Melanitta nigra,Animalia
110004712,1100031874,,,,present,,urn:lsid:marinespecies.org:taxname:137188,Gavia stellata,Animalia
110004712,1100031875,,,,present,,urn:lsid:marinespecies.org:taxname:137073,Melanitta nigra,Animalia
110004712,1100031876,,,,present,,urn:lsid:marinespecies.org:taxname:137073,Melanitta nigra,Animalia
110004712,1100031877,,immature,,present,,urn:lsid:marinespecies.org:taxname:137146,Larus marinus,Animalia
110004712,1100031878,,,,present,,urn:lsid:marinespecies.org:taxname:137073,Melanitta nigra,Animalia
110004712,1100031879,,,,present,,urn:lsid:marinespecies.org:taxname:137073,Melanitta nigra,Animalia
110004712,1100031880,,,,present,,urn:lsid:marinespecies.org:taxname:137073,Melanitta nigra,Animalia
110004712,1100031881,,adult,,present,,urn:lsid:marinespecies.org:taxname:137188,Gavia stellata,Animalia
110004712,1100031882,,,,present,,urn:lsid:marinespecies.org:taxname:137073,Melanitta nigra,Animalia
110004712,1100031883,,,,present,,urn:lsid:marinespecies.org:taxname:137073,Melanitta nigra,Animalia
110004713,1100031884,male,,,present,,urn:lsid:marinespecies.org:taxname:137073,Melanitta nigra,Animalia
110004713,1100031885,female,,,present,,urn:lsid:marinespecies.org:taxname:137073,Melanitta nigra,Animalia
110004713,1100031886,female,,,present,,urn:lsid:marinespecies.org:taxname:137073,Melanitta nigra,Animalia
110004713,1100031887,male,,,present,,urn:lsid:marinespecies.org:taxname:137073,Melanitta nigra,Animalia
110004713,1100031888,male,,,present,,urn:lsid:marinespecies.org:taxname:137073,Melanitta nigra,Animalia
110004713,1100031889,female,,,present,,urn:lsid:marinespecies.org:taxname:137073,Melanitta nigra,Animalia
110004713,1100031890,female,,,present,,urn:lsid:marinespecies.org:taxname:137073,Melanitta nigra,Animalia
110004713,1100031891,male,,,present,,urn:lsid:marinespecies.org:taxname:137073,Melanitta nigra,Animalia
110004713,1100031892,,adult,,present,,urn:lsid:marinespecies.org:taxname:137149,Larus ridibundus,Animalia
110004713,1100031893,,adult,,present,,urn:lsid:marinespecies.org:taxname:137188,Gavia stellata,Animalia
110004713,1100031894,,,,present,,urn:lsid:marinespecies.org:taxname:558531,Alauda arvensis,Animalia
110004713,1100031895,male,,,present,,urn:lsid:marinespecies.org:taxname:137073,Melanitta nigra,Animalia
110004713,1100031896,,adult,,present,,urn:lsid:marinespecies.org:taxname:137188,Gavia stellata,Animalia
110004713,1100031897,,adult,,present,,urn:lsid:marinespecies.org:taxname:137188,Gavia stellata,Animalia
110004713,1100031898,,immature,,present,,urn:lsid:marinespecies.org:taxname:137141,Larus canus,Animalia
110004713,1100031899,,immature,,present,,urn:lsid:marinespecies.org:taxname:137138,Larus argentatus,Animalia
110004713,1100031900,,,,present,,urn:lsid:marinespecies.org:taxname:137073,Melanitta nigra,Animalia
110004714,1100031901,,adult,,present,,urn:lsid:marinespecies.org:taxname:137141,Larus canus,Animalia
110004714,1100031902,,adult,,present,,urn:lsid:marinespecies.org:taxname:137141,Larus canus,Animalia
110004714,1100031903,,adult,,present,,urn:lsid:marinespecies.org:taxname:137138,Larus argentatus,Animalia
110004714,1100031904,,,,present,,urn:lsid:marinespecies.org:taxname:137133,Uria aalge,Animalia
110004715,1100031905,,,,present,,urn:lsid:marinespecies.org:taxname:137128,Alca torda,Animalia
110004715,1100031906,,adult,,present,,urn:lsid:marinespecies.org:taxname:137156,Rissa tridactyla,Animalia
110004715,1100031907,,,,present,,urn:lsid:marinespecies.org:taxname:137188,Gavia stellata,Animalia
110004715,1100031908,,adult,,present,,urn:lsid:marinespecies.org:taxname:137188,Gavia stellata,Animalia
110004715,1100031909,,adult,,present,,urn:lsid:marinespecies.org:taxname:137156,Rissa tridactyla,Animalia
110004715,1100031910,,,,present,,urn:lsid:marinespecies.org:taxname:137186,Gavia arctica,Animalia
110004715,1100031911,,adult,,present,,urn:lsid:marinespecies.org:taxname:137141,Larus canus,Animalia
110004715,1100031912,,adult,,present,,urn:lsid:marinespecies.org:taxname:137188,Gavia stellata,Animalia
110004715,1100031913,,adult,,present,,urn:lsid:marinespecies.org:taxname:137188,Gavia stellata,Animalia
110004715,1100031914,,,,present,,urn:lsid:marinespecies.org:taxname:137128,Alca torda,Animalia
110004715,1100031915,,adult,,present,,urn:lsid:marinespecies.org:taxname:137188,Gavia stellata,Animalia
110004716,1100031916,female,,,present,,urn:lsid:marinespecies.org:taxname:137073,Melanitta nigra,Animalia
110004716,1100031917,male,,,present,,urn:lsid:marinespecies.org:taxname:137073,Melanitta nigra,Animalia
110004716,1100031918,,adult,,present,,urn:lsid:marinespecies.org:taxname:137156,Rissa tridactyla,Animalia
110004716,1100031919,,,,present,,urn:lsid:marinespecies.org:taxname:137073,Melanitta nigra,Animalia
110004716,1100031920,,,,present,,urn:lsid:marinespecies.org:taxname:137073,Melanitta nigra,Animalia
110004716,1100031921,,immature,,present,,urn:lsid:marinespecies.org:taxname:137188,Gavia stellata,Animalia
110004717,1100031922,female,,,present,,urn:lsid:marinespecies.org:taxname:137073,Melanitta nigra,Animalia
110004717,1100031923,male,,,present,,urn:lsid:marinespecies.org:taxname:137073,Melanitta nigra,Animalia
110004717,1100031924,female,,,present,,urn:lsid:marinespecies.org:taxname:137073,Melanitta nigra,Animalia
110004717,1100031925,male,,,present,,urn:lsid:marinespecies.org:taxname:137073,Melanitta nigra,Animalia
110004717,1100031926,,adult,,present,,urn:lsid:marinespecies.org:taxname:137138,Larus argentatus,Animalia
110004717,1100031927,,immature,,present,,urn:lsid:marinespecies.org:taxname:137138,Larus argentatus,Animalia
110004717,1100031928,,immature,,present,,urn:lsid:marinespecies.org:taxname:137138,Larus argentatus,Animalia
110004717,1100031929,,,,present,,urn:lsid:marinespecies.org:taxname:137073,Melanitta nigra,Animalia
110004717,1100031930,,,,present,,urn:lsid:marinespecies.org:taxname:137073,Melanitta nigra,Animalia
110004717,1100031931,,,,present,,urn:lsid:marinespecies.org:taxname:137073,Melanitta nigra,Animalia
110004717,1100031932,,immature,,present,,urn:lsid:marinespecies.org:taxname:137188,Gavia stellata,Animalia
110004717,1100031933,,,,present,,urn:lsid:marinespecies.org:taxname:137133,Uria aalge,Animalia
110004717,1100031934,,,,present,,urn:lsid:marinespecies.org:taxname:137073,Melanitta nigra,Animalia
110004717,1100031935,,,,present,,urn:lsid:marinespecies.org:taxname:137073,Melanitta nigra,Animalia
110004717,1100031936,,,,present,,urn:lsid:marinespecies.org:taxname:137073,Melanitta nigra,Animalia
110004717,1100031937,,,,present,,urn:lsid:marinespecies.org:taxname:137073,Melanitta nigra,Animalia
110004717,1100031938,,,,present,,urn:lsid:marinespecies.org:taxname:137073,Melanitta nigra,Animalia
110004717,1100031939,,,,present,,urn:lsid:marinespecies.org:taxname:137073,Melanitta nigra,Animalia
110004717,1100031940,,,,present,,urn:lsid:marinespecies.org:taxname:137073,Melanitta nigra,Animalia
110004717,1100031941,,,,present,,urn:lsid:marinespecies.org:taxname:137073,Melanitta nigra,Animalia
110004717,1100031942,,,,present,,urn:lsid:marinespecies.org:taxname:137073,Melanitta nigra,Animalia
110004717,1100031943,,,,present,,urn:lsid:marinespecies.org:taxname:137073,Melanitta nigra,Animalia
110004717,1100031944,,,,present,,urn:lsid:marinespecies.org:taxname:137073,Melanitta nigra,Animalia
110004717,1100031945,,adult,,present,,urn:lsid:marinespecies.org:taxname:137149,Larus ridibundus,Animalia
110004717,1100031946,,,,present,,urn:lsid:marinespecies.org:taxname:137073,Melanitta nigra,Animalia
110004718,1100031947,,,,present,,urn:lsid:marinespecies.org:taxname:137182,Podiceps cristatus,Animalia
110004718,1100031948,,,,present,,urn:lsid:marinespecies.org:taxname:137073,Melanitta nigra,Animalia
110004718,1100031949,,,,present,,urn:lsid:marinespecies.org:taxname:137073,Melanitta nigra,Animalia
110004718,1100031950,,,,present,,urn:lsid:marinespecies.org:taxname:137073,Melanitta nigra,Animalia
110004719,1100031951,male,,,present,,urn:lsid:marinespecies.org:taxname:232042,Tadorna tadorna,Animalia
110004719,1100031952,,,,present,,urn:lsid:marinespecies.org:taxname:137186,Gavia arctica,Animalia
110004719,1100031953,,,,present,,urn:lsid:marinespecies.org:taxname:137073,Melanitta nigra,Animalia
110004719,1100031954,,,,present,,urn:lsid:marinespecies.org:taxname:137182,Podiceps cristatus,Animalia
110004719,1100031955,,adult,,present,,urn:lsid:marinespecies.org:taxname:137141,Larus canus,Animalia
110004720,1100031956,,immature,,present,,urn:lsid:marinespecies.org:taxname:137138,Larus argentatus,Animalia
110004720,1100031957,,immature,,present,,urn:lsid:marinespecies.org:taxname:137138,Larus argentatus,Animalia
110004720,1100031958,,immature,,present,,urn:lsid:marinespecies.org:taxname:137138,Larus argentatus,Animalia
110004720,1100031959,,adult,,present,,urn:lsid:marinespecies.org:taxname:137138,Larus argentatus,Animalia
110004720,1100031960,,,,present,,urn:lsid:marinespecies.org:taxname:137182,Podiceps cristatus,Animalia
110004720,1100031961,,adult,,present,,urn:lsid:marinespecies.org:taxname:137141,Larus canus,Animalia
110004720,1100031962,,,,present,,urn:lsid:marinespecies.org:taxname:137057,Gavia sp.,Animalia
110004720,1100031963,,,,present,,urn:lsid:marinespecies.org:taxname:137073,Melanitta nigra,Animalia
110004720,1100031964,,,,present,,urn:lsid:marinespecies.org:taxname:137073,Melanitta nigra,Animalia
110004720,1100031965,,,,present,,urn:lsid:marinespecies.org:taxname:137073,Melanitta nigra,Animalia
110004720,1100031966,,,,present,,urn:lsid:marinespecies.org:taxname:137073,Melanitta nigra,Animalia
110004720,1100031967,,,,present,,urn:lsid:marinespecies.org:taxname:137073,Melanitta nigra,Animalia
110004720,1100031968,,,,present,,urn:lsid:marinespecies.org:taxname:137073,Melanitta nigra,Animalia
110004720,1100031969,,,,present,,urn:lsid:marinespecies.org:taxname:137057,Gavia sp.,Animalia
110004720,1100031970,,,,present,,urn:lsid:marinespecies.org:taxname:137073,Melanitta nigra,Animalia
110004720,1100031971,,,,present,,urn:lsid:marinespecies.org:taxname:137073,Melanitta nigra,Animalia
110004720,1100031972,,adult,,present,,urn:lsid:marinespecies.org:taxname:137149,Larus ridibundus,Animalia
110004720,1100031973,,adult,,present,,urn:lsid:marinespecies.org:taxname:137141,Larus canus,Animalia
110004720,1100031974,,adult,,present,,urn:lsid:marinespecies.org:taxname:137149,Larus ridibundus,Animalia
110004721,1100031975,,adult,,present,,urn:lsid:marinespecies.org:taxname:137188,Gavia stellata,Animalia
110004721,1100031976,,adult,,present,,urn:lsid:marinespecies.org:taxname:137141,Larus canus,Animalia
110004721,1100031977,,,,present,,urn:lsid:marinespecies.org:taxname:137073,Melanitta nigra,Animalia
110004721,1100031978,,adult,,present,,urn:lsid:marinespecies.org:taxname:137149,Larus ridibundus,Animalia
110004721,1100031979,,immature,,present,,urn:lsid:marinespecies.org:taxname:137149,Larus ridibundus,Animalia
110004721,1100031980,,adult,,present,,urn:lsid:marinespecies.org:taxname:137149,Larus ridibundus,Animalia
110004721,1100031981,,,,present,,urn:lsid:marinespecies.org:taxname:137073,Melanitta nigra,Animalia
110004722,1100031982,,adult,,present,,urn:lsid:marinespecies.org:taxname:137149,Larus ridibundus,Animalia
110004722,1100031983,,,,present,,urn:lsid:marinespecies.org:taxname:137182,Podiceps cristatus,Animalia
110004722,1100031984,,adult,,present,,urn:lsid:marinespecies.org:taxname:137149,Larus ridibundus,Animalia
110004723,1100031985,male,,,present,,urn:lsid:marinespecies.org:taxname:158939,Anas acuta,Animalia
110004723,1100031986,female,,,present,,urn:lsid:marinespecies.org:taxname:158939,Anas acuta,Animalia
110004723,1100031987,,,,present,,urn:lsid:marinespecies.org:taxname:137074,Somateria mollissima,Animalia
110004723,1100031988,female,,,present,,urn:lsid:marinespecies.org:taxname:137073,Melanitta nigra,Animalia
110004723,1100031989,,adult,,present,,urn:lsid:marinespecies.org:taxname:137149,Larus ridibundus,Animalia
110004723,1100031990,,adult,,present,,urn:lsid:marinespecies.org:taxname:137149,Larus ridibundus,Animalia
110004723,1100031991,male,immature,,present,,urn:lsid:marinespecies.org:taxname:137074,Somateria mollissima,Animalia
110004723,1100031992,,,,present,,urn:lsid:marinespecies.org:taxname:137188,Gavia stellata,Animalia
110004723,1100031993,,,,present,,urn:lsid:marinespecies.org:taxname:159037,Numenius arquata,Animalia
110004723,1100031994,,,,present,,urn:lsid:marinespecies.org:taxname:137182,Podiceps cristatus,Animalia
110004724,1100031995,,,,present,,urn:lsid:marinespecies.org:taxname:137188,Gavia stellata,Animalia
110004724,1100031996,,,,present,,urn:lsid:marinespecies.org:taxname:137186,Gavia arctica,Animalia
110004724,1100031997,,adult,,present,,urn:lsid:marinespecies.org:taxname:137188,Gavia stellata,Animalia
110004724,1100031998,,immature,,present,,urn:lsid:marinespecies.org:taxname:137141,Larus canus,Animalia
110004724,1100031999,,,,present,,urn:lsid:marinespecies.org:taxname:159172,Aythya marila,Animalia
110004724,1100032000,,,,present,,urn:lsid:marinespecies.org:taxname:137182,Podiceps cristatus,Animalia
110004724,1100032001,male,,,present,,urn:lsid:marinespecies.org:taxname:137073,Melanitta nigra,Animalia
110004724,1100032002,,,,present,,urn:lsid:marinespecies.org:taxname:137057,Gavia sp.,Animalia
110004724,1100032003,,,,present,,urn:lsid:marinespecies.org:taxname:137182,Podiceps cristatus,Animalia
110004724,1100032004,,adult,,present,,urn:lsid:marinespecies.org:taxname:137138,Larus argentatus,Animalia
110004724,1100032005,,immature,,present,,urn:lsid:marinespecies.org:taxname:137188,Gavia stellata,Animalia
110004724,1100032006,,immature,,present,,urn:lsid:marinespecies.org:taxname:137149,Larus ridibundus,Animalia
110004725,1100032007,,immature,Scaveging,present,,urn:lsid:marinespecies.org:taxname:137146,Larus marinus,Animalia
110004725,1100032008,,,Dead,present,,urn:lsid:marinespecies.org:taxname:137128,Alca torda,Animalia
110004725,1100032009,,adult,,present,,urn:lsid:marinespecies.org:taxname:137188,Gavia stellata,Animalia
110004725,1100032010,,adult,,present,,urn:lsid:marinespecies.org:taxname:137141,Larus canus,Animalia
110004725,1100032011,,adult,,present,,urn:lsid:marinespecies.org:taxname:137141,Larus canus,Animalia
110004725,1100032012,,,,present,,urn:lsid:marinespecies.org:taxname:137188,Gavia stellata,Animalia
110004725,1100032013,,,,present,,urn:lsid:marinespecies.org:taxname:137182,Podiceps cristatus,Animalia
110004725,1100032014,,adult,,present,,urn:lsid:marinespecies.org:taxname:137149,Larus ridibundus,Animalia
110004725,1100032015,male,,,present,,urn:lsid:marinespecies.org:taxname:137073,Melanitta nigra,Animalia
110004726,1100032016,male,,,present,,urn:lsid:marinespecies.org:taxname:137073,Melanitta nigra,Animalia
110004726,1100032017,female,,,present,,urn:lsid:marinespecies.org:taxname:137073,Melanitta nigra,Animalia
110004726,1100032018,,immature,,present,,urn:lsid:marinespecies.org:taxname:137141,Larus canus,Animalia
110004726,1100032019,,,,present,,urn:lsid:marinespecies.org:taxname:137073,Melanitta nigra,Animalia
110004726,1100032020,,adult,,present,,urn:lsid:marinespecies.org:taxname:137141,Larus canus,Animalia
110004726,1100032021,,,,present,,urn:lsid:marinespecies.org:taxname:159037,Numenius arquata,Animalia
110004726,1100032022,,,,present,,urn:lsid:marinespecies.org:taxname:137073,Melanitta nigra,Animalia
110004726,1100032023,,adult,,present,,urn:lsid:marinespecies.org:taxname:137141,Larus canus,Animalia
110004726,1100032024,,,,present,,urn:lsid:marinespecies.org:taxname:137182,Podiceps cristatus,Animalia
110004726,1100032025,,,,present,,urn:lsid:marinespecies.org:taxname:137182,Podiceps cristatus,Animalia
110004726,1100032026,,,,present,,urn:lsid:marinespecies.org:taxname:159098,Mergus serrator,Animalia
110004726,1100032027,,,,present,,urn:lsid:marinespecies.org:taxname:137133,Uria aalge,Animalia
110004726,1100032028,,,,present,,urn:lsid:marinespecies.org:taxname:137073,Melanitta nigra,Animalia
110004726,1100032029,,,,present,,urn:lsid:marinespecies.org:taxname:137073,Melanitta nigra,Animalia
110004726,1100032030,,adult,,present,,urn:lsid:marinespecies.org:taxname:137188,Gavia stellata,Animalia
110004726,1100032031,male,,,present,,urn:lsid:marinespecies.org:taxname:137073,Melanitta nigra,Animalia
110004726,1100032032,,adult,,present,,urn:lsid:marinespecies.org:taxname:137141,Larus canus,Animalia
110004726,1100032033,,immature,,present,,urn:lsid:marinespecies.org:taxname:137138,Larus argentatus,Animalia
110004726,1100032034,,,,present,,urn:lsid:marinespecies.org:taxname:137073,Melanitta nigra,Animalia
110004726,1100032035,,,,present,,urn:lsid:marinespecies.org:taxname:137182,Podiceps cristatus,Animalia
110004727,1100032036,,,,present,,urn:lsid:marinespecies.org:taxname:137057,Gavia sp.,Animalia
110004728,1100032037,,,,present,,urn:lsid:marinespecies.org:taxname:137182,Podiceps cristatus,Animalia
110004729,1100032038,,,,present,,urn:lsid:marinespecies.org:taxname:137073,Melanitta nigra,Animalia
110004729,1100032039,,,,present,,urn:lsid:marinespecies.org:taxname:137073,Melanitta nigra,Animalia
110004729,1100032040,male,,,present,,urn:lsid:marinespecies.org:taxname:159098,Mergus serrator,Animalia
110004729,1100032041,,,,present,,urn:lsid:marinespecies.org:taxname:137073,Melanitta nigra,Animalia
110004729,1100032042,,,,present,,urn:lsid:marinespecies.org:taxname:137073,Melanitta nigra,Animalia
110004729,1100032043,,,,present,,urn:lsid:marinespecies.org:taxname:137073,Melanitta nigra,Animalia
110004729,1100032044,,,,present,,urn:lsid:marinespecies.org:taxname:137073,Melanitta nigra,Animalia
110004729,1100032045,,,,present,,urn:lsid:marinespecies.org:taxname:137073,Melanitta nigra,Animalia
110004729,1100032046,,,,present,,urn:lsid:marinespecies.org:taxname:137073,Melanitta nigra,Animalia
110004729,1100032047,,,,present,,urn:lsid:marinespecies.org:taxname:137073,Melanitta nigra,Animalia
110004729,1100032048,,adult,,present,,urn:lsid:marinespecies.org:taxname:137141,Larus canus,Animalia
110004729,1100032049,,,,present,,urn:lsid:marinespecies.org:taxname:137073,Melanitta nigra,Animalia
110004729,1100032050,,adult,,present,,urn:lsid:marinespecies.org:taxname:137141,Larus canus,Animalia
110004729,1100032051,,,,present,,urn:lsid:marinespecies.org:taxname:137073,Melanitta nigra,Animalia
110004729,1100032052,,immature,,present,,urn:lsid:marinespecies.org:taxname:137141,Larus canus,Animalia
110004729,1100032053,,,,present,,urn:lsid:marinespecies.org:taxname:137073,Melanitta nigra,Animalia
110004729,1100032054,male,immature,Dead,present,,urn:lsid:marinespecies.org:taxname:137074,Somateria mollissima,Animalia
110004730,1100032055,,,,present,,urn:lsid:marinespecies.org:taxname:137073,Melanitta nigra,Animalia
110004730,1100032056,,,,present,,urn:lsid:marinespecies.org:taxname:137073,Melanitta nigra,Animalia
110004730,1100032057,,,,present,,urn:lsid:marinespecies.org:taxname:137188,Gavia stellata,Animalia
110004730,1100032058,,,,present,,urn:lsid:marinespecies.org:taxname:137073,Melanitta nigra,Animalia
110004730,1100032059,,,,present,,urn:lsid:marinespecies.org:taxname:137073,Melanitta nigra,Animalia
110004730,1100032060,,,,present,,urn:lsid:marinespecies.org:taxname:137073,Melanitta nigra,Animalia
110004730,1100032061,,,,present,,urn:lsid:marinespecies.org:taxname:137073,Melanitta nigra,Animalia
110004730,1100032062,,,,present,,urn:lsid:marinespecies.org:taxname:137073,Melanitta nigra,Animalia
110004730,1100032063,,,,present,,urn:lsid:marinespecies.org:taxname:137073,Melanitta nigra,Animalia
110004731,1100032064,,,,present,,urn:lsid:marinespecies.org:taxname:137073,Melanitta nigra,Animalia
110004731,1100032065,,,,present,,urn:lsid:marinespecies.org:taxname:137073,Melanitta nigra,Animalia
110004731,1100032066,,,,present,,urn:lsid:marinespecies.org:taxname:137073,Melanitta nigra,Animalia
110004731,1100032067,,adult,,present,,urn:lsid:marinespecies.org:taxname:137141,Larus canus,Animalia
110004731,1100032068,,immature,,present,,urn:lsid:marinespecies.org:taxname:137146,Larus marinus,Animalia
110004732,1100032069,,,,present,,urn:lsid:marinespecies.org:taxname:137073,Melanitta nigra,Animalia
110004732,1100032070,,adult,,present,,urn:lsid:marinespecies.org:taxname:137141,Larus canus,Animalia
110004732,1100032071,,,,present,,urn:lsid:marinespecies.org:taxname:137073,Melanitta nigra,Animalia
110004732,1100032072,,,,present,,urn:lsid:marinespecies.org:taxname:137073,Melanitta nigra,Animalia
110004732,1100032073,,immature,,present,,urn:lsid:marinespecies.org:taxname:137188,Gavia stellata,Animalia
110004733,1100032074,,,,present,,urn:lsid:marinespecies.org:taxname:137073,Melanitta nigra,Animalia
110004734,1100032075,,,,present,,urn:lsid:marinespecies.org:taxname:137073,Melanitta nigra,Animalia
110004734,1100032076,,immature,,present,,urn:lsid:marinespecies.org:taxname:137138,Larus argentatus,Animalia
110004734,1100032077,,adult,,present,,urn:lsid:marinespecies.org:taxname:137141,Larus canus,Animalia
110004734,1100032078,,immature,,present,,urn:lsid:marinespecies.org:taxname:137141,Larus canus,Animalia
110004734,1100032079,,,,present,,urn:lsid:marinespecies.org:taxname:137073,Melanitta nigra,Animalia
110004734,1100032080,,adult,,present,,urn:lsid:marinespecies.org:taxname:137141,Larus canus,Animalia
110004734,1100032081,,,,present,,urn:lsid:marinespecies.org:taxname:137073,Melanitta nigra,Animalia
110004734,1100032082,,adult,,present,,urn:lsid:marinespecies.org:taxname:137138,Larus argentatus,Animalia
110004735,1100032083,,,,present,,urn:lsid:marinespecies.org:taxname:137179,Phalacrocorax carbo,Animalia
110004736,1100032084,,immature,,present,,urn:lsid:marinespecies.org:taxname:137141,Larus canus,Animalia
110004737,1100032085,,,,present,,urn:lsid:marinespecies.org:taxname:1464521,Anas penelope,Animalia
110004737,1100032086,,,,present,,urn:lsid:marinespecies.org:taxname:137073,Melanitta nigra,Animalia
110004737,1100032087,,,,present,,urn:lsid:marinespecies.org:taxname:1464521,Anas penelope,Animalia
110004737,1100032088,,,,present,,urn:lsid:marinespecies.org:taxname:137073,Melanitta nigra,Animalia
110004737,1100032089,,,,present,,urn:lsid:marinespecies.org:taxname:1464521,Anas penelope,Animalia
110004737,1100032090,,,,present,,urn:lsid:marinespecies.org:taxname:137073,Melanitta nigra,Animalia
110004737,1100032091,,,,present,,urn:lsid:marinespecies.org:taxname:137182,Podiceps cristatus,Animalia
110004738,1100032092,,adult,,present,,urn:lsid:marinespecies.org:taxname:137149,Larus ridibundus,Animalia
110004738,1100032093,,adult,,present,,urn:lsid:marinespecies.org:taxname:137149,Larus ridibundus,Animalia
110004738,1100032094,male,,,present,,urn:lsid:marinespecies.org:taxname:137073,Melanitta nigra,Animalia
110004738,1100032095,female,,,present,,urn:lsid:marinespecies.org:taxname:137073,Melanitta nigra,Animalia
110004738,1100032096,,,,present,,urn:lsid:marinespecies.org:taxname:137149,Larus ridibundus,Animalia
110004738,1100032097,,adult,,present,,urn:lsid:marinespecies.org:taxname:137149,Larus ridibundus,Animalia
110004738,1100032098,,adult,,present,,urn:lsid:marinespecies.org:taxname:137138,Larus argentatus,Animalia
110004738,1100032099,,adult,,present,,urn:lsid:marinespecies.org:taxname:137141,Larus canus,Animalia
110004738,1100032100,,adult,,present,,urn:lsid:marinespecies.org:taxname:137149,Larus ridibundus,Animalia
110004738,1100032101,,adult,,present,,urn:lsid:marinespecies.org:taxname:137149,Larus ridibundus,Animalia
110004738,1100032102,,adult,,present,,urn:lsid:marinespecies.org:taxname:137149,Larus ridibundus,Animalia
110004738,1100032103,,,,present,,urn:lsid:marinespecies.org:taxname:137182,Podiceps cristatus,Animalia
110004739,1100032104,,,,present,,urn:lsid:marinespecies.org:taxname:137073,Melanitta nigra,Animalia
110004739,1100032105,,adult,,present,,urn:lsid:marinespecies.org:taxname:137149,Larus ridibundus,Animalia
110004739,1100032106,,,,present,,urn:lsid:marinespecies.org:taxname:137073,Melanitta nigra,Animalia
110004739,1100032107,,,,present,,urn:lsid:marinespecies.org:taxname:137188,Gavia stellata,Animalia
110004739,1100032108,,,,present,,urn:lsid:marinespecies.org:taxname:137073,Melanitta nigra,Animalia
110004739,1100032109,,immature,,present,,urn:lsid:marinespecies.org:taxname:137149,Larus ridibundus,Animalia
110004739,1100032110,,,,present,,urn:lsid:marinespecies.org:taxname:137073,Melanitta nigra,Animalia
110004739,1100032111,,,,present,,urn:lsid:marinespecies.org:taxname:137073,Melanitta nigra,Animalia
110004739,1100032112,,adult,,present,,urn:lsid:marinespecies.org:taxname:137141,Larus canus,Animalia
110004740,1100032113,,,,present,,urn:lsid:marinespecies.org:taxname:137073,Melanitta nigra,Animalia
110004740,1100032114,,,,present,,urn:lsid:marinespecies.org:taxname:137073,Melanitta nigra,Animalia
110004740,1100032115,,,,present,,urn:lsid:marinespecies.org:taxname:137182,Podiceps cristatus,Animalia
110004740,1100032116,,,,present,,urn:lsid:marinespecies.org:taxname:137073,Melanitta nigra,Animalia
110004740,1100032117,,,,present,,urn:lsid:marinespecies.org:taxname:137073,Melanitta nigra,Animalia
110004740,1100032118,,,,present,,urn:lsid:marinespecies.org:taxname:137073,Melanitta nigra,Animalia
110004740,1100032119,,,,present,,urn:lsid:marinespecies.org:taxname:137182,Podiceps cristatus,Animalia
110004740,1100032120,,,,present,,urn:lsid:marinespecies.org:taxname:137182,Podiceps cristatus,Animalia
110004742,1100032121,,,,present,,urn:lsid:marinespecies.org:taxname:148791,Anas platyrhynchos,Animalia
110004742,1100032122,,adult,,present,,urn:lsid:marinespecies.org:taxname:137149,Larus ridibundus,Animalia
110004742,1100032123,,adult,,present,,urn:lsid:marinespecies.org:taxname:137149,Larus ridibundus,Animalia
110004742,1100032124,,adult,,present,,urn:lsid:marinespecies.org:taxname:137141,Larus canus,Animalia
110004742,1100032125,,adult,,present,,urn:lsid:marinespecies.org:taxname:137149,Larus ridibundus,Animalia
110004742,1100032126,,adult,,present,,urn:lsid:marinespecies.org:taxname:137149,Larus ridibundus,Animalia
110004742,1100032127,,adult,,present,,urn:lsid:marinespecies.org:taxname:137149,Larus ridibundus,Animalia
110004743,1100032128,,adult,,present,,urn:lsid:marinespecies.org:taxname:137149,Larus ridibundus,Animalia
110004743,1100032129,,adult,,present,,urn:lsid:marinespecies.org:taxname:137149,Larus ridibundus,Animalia
110004743,1100032130,,,,present,,urn:lsid:marinespecies.org:taxname:159037,Numenius arquata,Animalia
110004744,1100032131,,adult,,present,,urn:lsid:marinespecies.org:taxname:137188,Gavia stellata,Animalia
110004744,1100032132,,immature,,present,,urn:lsid:marinespecies.org:taxname:137149,Larus ridibundus,Animalia
110004744,1100032133,,adult,,present,,urn:lsid:marinespecies.org:taxname:137149,Larus ridibundus,Animalia
110004744,1100032134,,,,present,,urn:lsid:marinespecies.org:taxname:137133,Uria aalge,Animalia
110004744,1100032135,,,,present,,urn:lsid:marinespecies.org:taxname:137133,Uria aalge,Animalia
110004744,1100032136,,adult,,present,,urn:lsid:marinespecies.org:taxname:137141,Larus canus,Animalia
110004744,1100032137,,,,present,,urn:lsid:marinespecies.org:taxname:137133,Uria aalge,Animalia
110004744,1100032138,,,,present,,urn:lsid:marinespecies.org:taxname:137133,Uria aalge,Animalia
110004744,1100032139,,,,present,,urn:lsid:marinespecies.org:taxname:137182,Podiceps cristatus,Animalia
110004744,1100032140,,,,present,,urn:lsid:marinespecies.org:taxname:137057,Gavia sp.,Animalia
110004744,1100032141,,,,present,,urn:lsid:marinespecies.org:taxname:137133,Uria aalge,Animalia
110004744,1100032142,,,,present,,urn:lsid:marinespecies.org:taxname:137133,Uria aalge,Animalia
110004744,1100032143,,,,present,,urn:lsid:marinespecies.org:taxname:137133,Uria aalge,Animalia
110004744,1100032144,,,,present,,urn:lsid:marinespecies.org:taxname:137133,Uria aalge,Animalia
110004744,1100032145,,adult,,present,,urn:lsid:marinespecies.org:taxname:137149,Larus ridibundus,Animalia
110004745,1100032146,,immature,,present,,urn:lsid:marinespecies.org:taxname:137141,Larus canus,Animalia
110004745,1100032147,,adult,,present,,urn:lsid:marinespecies.org:taxname:137142,Larus fuscus,Animalia
110004745,1100032148,,adult,,present,,urn:lsid:marinespecies.org:taxname:567449,Larus minutus,Animalia
110004745,1100032149,,,,present,,urn:lsid:marinespecies.org:taxname:137133,Uria aalge,Animalia
110004745,1100032150,,adult,,present,,urn:lsid:marinespecies.org:taxname:137141,Larus canus,Animalia
110004745,1100032151,,,,present,,urn:lsid:marinespecies.org:taxname:137133,Uria aalge,Animalia
110004745,1100032152,,,,present,,urn:lsid:marinespecies.org:taxname:137133,Uria aalge,Animalia
110004745,1100032153,,,"Sick, unwell",present,,urn:lsid:marinespecies.org:taxname:137182,Podiceps cristatus,Animalia
110004745,1100032154,,,,present,,urn:lsid:marinespecies.org:taxname:137141,Larus canus,Animalia
110004745,1100032155,,adult,,present,,urn:lsid:marinespecies.org:taxname:567449,Larus minutus,Animalia
110004746,1100032156,,,,present,,urn:lsid:marinespecies.org:taxname:137133,Uria aalge,Animalia
110004746,1100032157,,adult,,present,,urn:lsid:marinespecies.org:taxname:137141,Larus canus,Animalia
110004746,1100032158,,,,present,,urn:lsid:marinespecies.org:taxname:137133,Uria aalge,Animalia
110004746,1100032159,,,,present,,urn:lsid:marinespecies.org:taxname:137133,Uria aalge,Animalia
110004747,1100032160,,adult,,present,,urn:lsid:marinespecies.org:taxname:567449,Larus minutus,Animalia
110004747,1100032161,,adult,,present,,urn:lsid:marinespecies.org:taxname:137141,Larus canus,Animalia
110004747,1100032162,,adult,,present,,urn:lsid:marinespecies.org:taxname:137141,Larus canus,Animalia
110004747,1100032163,,,,present,,urn:lsid:marinespecies.org:taxname:137128,Alca torda,Animalia
110004747,1100032164,,,,present,,urn:lsid:marinespecies.org:taxname:137133,Uria aalge,Animalia
110004747,1100032165,,adult,,present,,urn:lsid:marinespecies.org:taxname:567449,Larus minutus,Animalia
110004747,1100032166,,,,present,,urn:lsid:marinespecies.org:taxname:137133,Uria aalge,Animalia
110004747,1100032167,,,,present,,urn:lsid:marinespecies.org:taxname:137133,Uria aalge,Animalia
110004748,1100032168,,,,present,,urn:lsid:marinespecies.org:taxname:137128,Alca torda,Animalia
110004748,1100032169,,adult,,present,,urn:lsid:marinespecies.org:taxname:567449,Larus minutus,Animalia
110004748,1100032170,,adult,,present,,urn:lsid:marinespecies.org:taxname:567449,Larus minutus,Animalia
110004748,1100032171,,adult,,present,,urn:lsid:marinespecies.org:taxname:137149,Larus ridibundus,Animalia
110004748,1100032172,,adult,,present,,urn:lsid:marinespecies.org:taxname:567449,Larus minutus,Animalia
110004748,1100032173,,immature,,present,,urn:lsid:marinespecies.org:taxname:137146,Larus marinus,Animalia
110004748,1100032174,,adult,,present,,urn:lsid:marinespecies.org:taxname:137188,Gavia stellata,Animalia
110004748,1100032175,,adult,,present,,urn:lsid:marinespecies.org:taxname:137149,Larus ridibundus,Animalia
110004748,1100032176,,,,present,,urn:lsid:marinespecies.org:taxname:137128,Alca torda,Animalia
110004748,1100032177,,,,present,,urn:lsid:marinespecies.org:taxname:137133,Uria aalge,Animalia
110004748,1100032178,,adult,,present,,urn:lsid:marinespecies.org:taxname:567449,Larus minutus,Animalia
110004748,1100032179,,,,present,,urn:lsid:marinespecies.org:taxname:137133,Uria aalge,Animalia
110004748,1100032180,,,,present,,urn:lsid:marinespecies.org:taxname:137133,Uria aalge,Animalia
110004748,1100032181,,immature,,present,,urn:lsid:marinespecies.org:taxname:137188,Gavia stellata,Animalia
110004748,1100032182,,immature,,present,,urn:lsid:marinespecies.org:taxname:137138,Larus argentatus,Animalia
110004748,1100032183,,,,present,,urn:lsid:marinespecies.org:taxname:137128,Alca torda,Animalia
110004748,1100032184,,adult,,present,,urn:lsid:marinespecies.org:taxname:137156,Rissa tridactyla,Animalia
110004748,1100032185,,adult,,present,,urn:lsid:marinespecies.org:taxname:567449,Larus minutus,Animalia
110004748,1100032186,,immature,,present,,urn:lsid:marinespecies.org:taxname:567449,Larus minutus,Animalia
110004748,1100032187,,adult,,present,,urn:lsid:marinespecies.org:taxname:567449,Larus minutus,Animalia
110004748,1100032188,,immature,,present,,urn:lsid:marinespecies.org:taxname:137156,Rissa tridactyla,Animalia
110004748,1100032189,,,,present,,urn:lsid:marinespecies.org:taxname:137128,Alca torda,Animalia
110004748,1100032190,,,,present,,urn:lsid:marinespecies.org:taxname:137133,Uria aalge,Animalia
110004748,1100032191,,adult,,present,,urn:lsid:marinespecies.org:taxname:137156,Rissa tridactyla,Animalia
110004748,1100032192,,adult,,present,,urn:lsid:marinespecies.org:taxname:567449,Larus minutus,Animalia
110004749,1100032193,,adult,,present,,urn:lsid:marinespecies.org:taxname:567449,Larus minutus,Animalia
110004749,1100032194,,,,present,,urn:lsid:marinespecies.org:taxname:137133,Uria aalge,Animalia
110004749,1100032195,,immature,,present,,urn:lsid:marinespecies.org:taxname:137149,Larus ridibundus,Animalia
