eventID,basisOfRecord,occurrenceID,individualCount,sex,lifeStage,behavior,occurrenceStatus,associatedTaxa,occurrenceRemarks,scientificNameID,scientificName,kingdom
110000153:110000153:110004708,HumanObservation,110000153:110000153:110004708:1100031820,1,,immature,,present,,,urn:lsid:marinespecies.org:taxname:137138,Larus argentatus,Animalia
110000153:110000153:110004708,HumanObservation,110000153:110000153:110004708:1100031821,2,,adult,,present,,,urn:lsid:marinespecies.org:taxname:137138,Larus argentatus,Animalia
110000153:110000153:110004708,HumanObservation,110000153:110000153:110004708:1100031822,1,,immature,,present,,,urn:lsid:marinespecies.org:taxname:137138,Larus argentatus,Animalia
110000153:110000153:110004708,HumanObservation,110000153:110000153:110004708:1100031823,1,,immature,,present,,,urn:lsid:marinespecies.org:taxname:137138,Larus argentatus,Animalia
110000153:110000153:110004709,HumanObservation,110000153:110000153:110004709:1100031824,2,female,,,present,,,urn:lsid:marinespecies.org:taxname:137073,Melanitta nigra,Animalia
110000153:110000153:110004709,HumanObservation,110000153:110000153:110004709:1100031825,5,male,,,present,,,urn:lsid:marinespecies.org:taxname:137073,Melanitta nigra,Animalia
110000153:110000153:110004709,HumanObservation,110000153:110000153:110004709:1100031826,1,,,,present,,,urn:lsid:marinespecies.org:taxname:137133,Uria aalge,Animalia
110000153:110000153:110004709,HumanObservation,110000153:110000153:110004709:1100031827,1,,immature,,present,,,urn:lsid:marinespecies.org:taxname:137146,Larus marinus,Animalia
110000153:110000153:110004709,HumanObservation,110000153:110000153:110004709:1100031828,1,,adult,,present,,,urn:lsid:marinespecies.org:taxname:137141,Larus canus,Animalia
110000153:110000153:110004709,HumanObservation,110000153:110000153:110004709:1100031829,1,,,,present,,,urn:lsid:marinespecies.org:taxname:137182,Podiceps cristatus,Animalia
110000153:110000153:110004709,HumanObservation,110000153:110000153:110004709:1100031830,1,,adult,,present,,,urn:lsid:marinespecies.org:taxname:137138,Larus argentatus,Animalia
110000153:110000153:110004709,HumanObservation,110000153:110000153:110004709:1100031831,1,,adult,,present,,,urn:lsid:marinespecies.org:taxname:137141,Larus canus,Animalia
110000153:110000153:110004709,HumanObservation,110000153:110000153:110004709:1100031832,1,,immature,,present,,,urn:lsid:marinespecies.org:taxname:137138,Larus argentatus,Animalia
110000153:110000153:110004709,HumanObservation,110000153:110000153:110004709:1100031833,1,,adult,,present,,,urn:lsid:marinespecies.org:taxname:137141,Larus canus,Animalia
110000153:110000153:110004709,HumanObservation,110000153:110000153:110004709:1100031834,1,,adult,,present,,,urn:lsid:marinespecies.org:taxname:148776,Morus bassanus,Animalia
110000153:110000153:110004709,HumanObservation,110000153:110000153:110004709:1100031835,8,,,,present,,,urn:lsid:marinespecies.org:taxname:137073,Melanitta nigra,Animalia
110000153:110000153:110004709,HumanObservation,110000153:110000153:110004709:1100031836,1,,adult,,present,,,urn:lsid:marinespecies.org:taxname:137141,Larus canus,Animalia
110000153:110000153:110004710,HumanObservation,110000153:110000153:110004710:1100031837,1,male,,,present,,,urn:lsid:marinespecies.org:taxname:137073,Melanitta nigra,Animalia
110000153:110000153:110004710,HumanObservation,110000153:110000153:110004710:1100031838,1,female,,,present,,,urn:lsid:marinespecies.org:taxname:137073,Melanitta nigra,Animalia
110000153:110000153:110004710,HumanObservation,110000153:110000153:110004710:1100031839,1,,,,present,,,urn:lsid:marinespecies.org:taxname:137188,Gavia stellata,Animalia
110000153:110000153:110004710,HumanObservation,110000153:110000153:110004710:1100031840,4,,,,present,,,urn:lsid:marinespecies.org:taxname:137073,Melanitta nigra,Animalia
110000153:110000153:110004710,HumanObservation,110000153:110000153:110004710:1100031841,2,,,,present,,,urn:lsid:marinespecies.org:taxname:232042,Tadorna tadorna,Animalia
110000153:110000153:110004710,HumanObservation,110000153:110000153:110004710:1100031842,13,,,,present,,,urn:lsid:marinespecies.org:taxname:137073,Melanitta nigra,Animalia
110000153:110000153:110004710,HumanObservation,110000153:110000153:110004710:1100031843,1,,adult,,present,,7.1600000000,urn:lsid:marinespecies.org:taxname:137188,Gavia stellata,Animalia
110000153:110000153:110004710,HumanObservation,110000153:110000153:110004710:1100031844,11,,,,present,,,urn:lsid:marinespecies.org:taxname:137073,Melanitta nigra,Animalia
110000153:110000153:110004710,HumanObservation,110000153:110000153:110004710:1100031845,1,female,,,present,,,urn:lsid:marinespecies.org:taxname:137073,Melanitta nigra,Animalia
110000153:110000153:110004710,HumanObservation,110000153:110000153:110004710:1100031846,3,,,,present,,,urn:lsid:marinespecies.org:taxname:137073,Melanitta nigra,Animalia
110000153:110000153:110004710,HumanObservation,110000153:110000153:110004710:1100031847,3,,,,present,,,urn:lsid:marinespecies.org:taxname:137073,Melanitta nigra,Animalia
110000153:110000153:110004710,HumanObservation,110000153:110000153:110004710:1100031848,1,,,,present,,,urn:lsid:marinespecies.org:taxname:137188,Gavia stellata,Animalia
110000153:110000153:110004710,HumanObservation,110000153:110000153:110004710:1100031849,4,,,,present,,,urn:lsid:marinespecies.org:taxname:137073,Melanitta nigra,Animalia
110000153:110000153:110004710,HumanObservation,110000153:110000153:110004710:1100031850,1,,immature,,present,,,urn:lsid:marinespecies.org:taxname:137188,Gavia stellata,Animalia
110000153:110000153:110004710,HumanObservation,110000153:110000153:110004710:1100031851,1,,,,present,,,urn:lsid:marinespecies.org:taxname:137128,Alca torda,Animalia
110000153:110000153:110004710,HumanObservation,110000153:110000153:110004710:1100031852,1,,adult,,present,,,urn:lsid:marinespecies.org:taxname:137188,Gavia stellata,Animalia
110000153:110000153:110004710,HumanObservation,110000153:110000153:110004710:1100031853,1,,,,present,,,urn:lsid:marinespecies.org:taxname:137057,Gavia sp.,Animalia
110000153:110000153:110004710,HumanObservation,110000153:110000153:110004710:1100031854,1,,adult,,present,,7.1500000000,urn:lsid:marinespecies.org:taxname:137188,Gavia stellata,Animalia
110000153:110000153:110004710,HumanObservation,110000153:110000153:110004710:1100031855,1,,,,present,,7.2300000000,urn:lsid:marinespecies.org:taxname:137057,Gavia sp.,Animalia
110000153:110000153:110004710,HumanObservation,110000153:110000153:110004710:1100031856,1,,,,present,,7.2000000000,urn:lsid:marinespecies.org:taxname:137188,Gavia stellata,Animalia
110000153:110000153:110004710,HumanObservation,110000153:110000153:110004710:1100031857,3,,,,present,,,urn:lsid:marinespecies.org:taxname:137073,Melanitta nigra,Animalia
110000153:110000153:110004710,HumanObservation,110000153:110000153:110004710:1100031858,1,,adult,,present,,,urn:lsid:marinespecies.org:taxname:137141,Larus canus,Animalia
110000153:110000153:110004711,HumanObservation,110000153:110000153:110004711:1100031859,1,,,,present,,,urn:lsid:marinespecies.org:taxname:137182,Podiceps cristatus,Animalia
110000153:110000153:110004711,HumanObservation,110000153:110000153:110004711:1100031860,26,,,,present,,,urn:lsid:marinespecies.org:taxname:137073,Melanitta nigra,Animalia
110000153:110000153:110004711,HumanObservation,110000153:110000153:110004711:1100031861,9,,,,present,,,urn:lsid:marinespecies.org:taxname:137073,Melanitta nigra,Animalia
110000153:110000153:110004711,HumanObservation,110000153:110000153:110004711:1100031862,6,,,,present,,,urn:lsid:marinespecies.org:taxname:137073,Melanitta nigra,Animalia
110000153:110000153:110004711,HumanObservation,110000153:110000153:110004711:1100031863,1,,,,present,,,urn:lsid:marinespecies.org:taxname:137188,Gavia stellata,Animalia
110000153:110000153:110004711,HumanObservation,110000153:110000153:110004711:1100031864,1,,adult,,present,,,urn:lsid:marinespecies.org:taxname:137188,Gavia stellata,Animalia
110000153:110000153:110004711,HumanObservation,110000153:110000153:110004711:1100031865,1,,,,present,,,urn:lsid:marinespecies.org:taxname:137073,Melanitta nigra,Animalia
110000153:110000153:110004711,HumanObservation,110000153:110000153:110004711:1100031866,2,,,,present,,7.2600000000,urn:lsid:marinespecies.org:taxname:137128,Alca torda,Animalia
110000153:110000153:110004711,HumanObservation,110000153:110000153:110004711:1100031867,1,,,,present,,,urn:lsid:marinespecies.org:taxname:137073,Melanitta nigra,Animalia
110000153:110000153:110004711,HumanObservation,110000153:110000153:110004711:1100031868,1,,adult,,present,,,urn:lsid:marinespecies.org:taxname:137146,Larus marinus,Animalia
110000153:110000153:110004711,HumanObservation,110000153:110000153:110004711:1100031869,16,,,,present,,,urn:lsid:marinespecies.org:taxname:137073,Melanitta nigra,Animalia
110000153:110000153:110004711,HumanObservation,110000153:110000153:110004711:1100031870,35,,,,present,,,urn:lsid:marinespecies.org:taxname:137073,Melanitta nigra,Animalia
110000153:110000153:110004711,HumanObservation,110000153:110000153:110004711:1100031871,1,,,,present,,7.2500000000,urn:lsid:marinespecies.org:taxname:137188,Gavia stellata,Animalia
110000153:110000153:110004711,HumanObservation,110000153:110000153:110004711:1100031872,4,,,,present,,,urn:lsid:marinespecies.org:taxname:137073,Melanitta nigra,Animalia
110000153:110000153:110004711,HumanObservation,110000153:110000153:110004711:1100031873,3,,,,present,,,urn:lsid:marinespecies.org:taxname:137073,Melanitta nigra,Animalia
110000153:110000153:110004712,HumanObservation,110000153:110000153:110004712:1100031874,1,,,,present,,7.3000000000,urn:lsid:marinespecies.org:taxname:137188,Gavia stellata,Animalia
110000153:110000153:110004712,HumanObservation,110000153:110000153:110004712:1100031875,2,,,,present,,,urn:lsid:marinespecies.org:taxname:137073,Melanitta nigra,Animalia
110000153:110000153:110004712,HumanObservation,110000153:110000153:110004712:1100031876,2,,,,present,,,urn:lsid:marinespecies.org:taxname:137073,Melanitta nigra,Animalia
110000153:110000153:110004712,HumanObservation,110000153:110000153:110004712:1100031877,1,,immature,,present,,,urn:lsid:marinespecies.org:taxname:137146,Larus marinus,Animalia
110000153:110000153:110004712,HumanObservation,110000153:110000153:110004712:1100031878,4,,,,present,,,urn:lsid:marinespecies.org:taxname:137073,Melanitta nigra,Animalia
110000153:110000153:110004712,HumanObservation,110000153:110000153:110004712:1100031879,4,,,,present,,,urn:lsid:marinespecies.org:taxname:137073,Melanitta nigra,Animalia
110000153:110000153:110004712,HumanObservation,110000153:110000153:110004712:1100031880,6,,,,present,,,urn:lsid:marinespecies.org:taxname:137073,Melanitta nigra,Animalia
110000153:110000153:110004712,HumanObservation,110000153:110000153:110004712:1100031881,1,,adult,,present,,,urn:lsid:marinespecies.org:taxname:137188,Gavia stellata,Animalia
110000153:110000153:110004712,HumanObservation,110000153:110000153:110004712:1100031882,6,,,,present,,,urn:lsid:marinespecies.org:taxname:137073,Melanitta nigra,Animalia
110000153:110000153:110004712,HumanObservation,110000153:110000153:110004712:1100031883,11,,,,present,,,urn:lsid:marinespecies.org:taxname:137073,Melanitta nigra,Animalia
110000153:110000153:110004713,HumanObservation,110000153:110000153:110004713:1100031884,6,male,,,present,,,urn:lsid:marinespecies.org:taxname:137073,Melanitta nigra,Animalia
110000153:110000153:110004713,HumanObservation,110000153:110000153:110004713:1100031885,1,female,,,present,,,urn:lsid:marinespecies.org:taxname:137073,Melanitta nigra,Animalia
110000153:110000153:110004713,HumanObservation,110000153:110000153:110004713:1100031886,1,female,,,present,,,urn:lsid:marinespecies.org:taxname:137073,Melanitta nigra,Animalia
110000153:110000153:110004713,HumanObservation,110000153:110000153:110004713:1100031887,1,male,,,present,,,urn:lsid:marinespecies.org:taxname:137073,Melanitta nigra,Animalia
110000153:110000153:110004713,HumanObservation,110000153:110000153:110004713:1100031888,2,male,,,present,,,urn:lsid:marinespecies.org:taxname:137073,Melanitta nigra,Animalia
110000153:110000153:110004713,HumanObservation,110000153:110000153:110004713:1100031889,1,female,,,present,,,urn:lsid:marinespecies.org:taxname:137073,Melanitta nigra,Animalia
110000153:110000153:110004713,HumanObservation,110000153:110000153:110004713:1100031890,3,female,,,present,,,urn:lsid:marinespecies.org:taxname:137073,Melanitta nigra,Animalia
110000153:110000153:110004713,HumanObservation,110000153:110000153:110004713:1100031891,3,male,,,present,,,urn:lsid:marinespecies.org:taxname:137073,Melanitta nigra,Animalia
110000153:110000153:110004713,HumanObservation,110000153:110000153:110004713:1100031892,1,,adult,,present,,,urn:lsid:marinespecies.org:taxname:137149,Larus ridibundus,Animalia
110000153:110000153:110004713,HumanObservation,110000153:110000153:110004713:1100031893,1,,adult,,present,,7.4500000000,urn:lsid:marinespecies.org:taxname:137188,Gavia stellata,Animalia
110000153:110000153:110004713,HumanObservation,110000153:110000153:110004713:1100031894,1,,,,present,,,urn:lsid:marinespecies.org:taxname:558531,Alauda arvensis,Animalia
110000153:110000153:110004713,HumanObservation,110000153:110000153:110004713:1100031895,1,male,,,present,,,urn:lsid:marinespecies.org:taxname:137073,Melanitta nigra,Animalia
110000153:110000153:110004713,HumanObservation,110000153:110000153:110004713:1100031896,1,,adult,,present,,,urn:lsid:marinespecies.org:taxname:137188,Gavia stellata,Animalia
110000153:110000153:110004713,HumanObservation,110000153:110000153:110004713:1100031897,1,,adult,,present,,,urn:lsid:marinespecies.org:taxname:137188,Gavia stellata,Animalia
110000153:110000153:110004713,HumanObservation,110000153:110000153:110004713:1100031898,1,,immature,,present,,,urn:lsid:marinespecies.org:taxname:137141,Larus canus,Animalia
110000153:110000153:110004713,HumanObservation,110000153:110000153:110004713:1100031899,1,,immature,,present,,,urn:lsid:marinespecies.org:taxname:137138,Larus argentatus,Animalia
110000153:110000153:110004713,HumanObservation,110000153:110000153:110004713:1100031900,23,,,,present,,,urn:lsid:marinespecies.org:taxname:137073,Melanitta nigra,Animalia
110000153:110000153:110004714,HumanObservation,110000153:110000153:110004714:1100031901,1,,adult,,present,,,urn:lsid:marinespecies.org:taxname:137141,Larus canus,Animalia
110000153:110000153:110004714,HumanObservation,110000153:110000153:110004714:1100031902,1,,adult,,present,,,urn:lsid:marinespecies.org:taxname:137141,Larus canus,Animalia
110000153:110000153:110004714,HumanObservation,110000153:110000153:110004714:1100031903,1,,adult,,present,,,urn:lsid:marinespecies.org:taxname:137138,Larus argentatus,Animalia
110000153:110000153:110004714,HumanObservation,110000153:110000153:110004714:1100031904,1,,,,present,,,urn:lsid:marinespecies.org:taxname:137133,Uria aalge,Animalia
110000153:110000153:110004715,HumanObservation,110000153:110000153:110004715:1100031905,2,,,,present,,7.5900000000,urn:lsid:marinespecies.org:taxname:137128,Alca torda,Animalia
110000153:110000153:110004715,HumanObservation,110000153:110000153:110004715:1100031906,1,,adult,,present,,,urn:lsid:marinespecies.org:taxname:137156,Rissa tridactyla,Animalia
110000153:110000153:110004715,HumanObservation,110000153:110000153:110004715:1100031907,1,,,,present,,,urn:lsid:marinespecies.org:taxname:137188,Gavia stellata,Animalia
110000153:110000153:110004715,HumanObservation,110000153:110000153:110004715:1100031908,1,,adult,,present,,7.3100000000,urn:lsid:marinespecies.org:taxname:137188,Gavia stellata,Animalia
110000153:110000153:110004715,HumanObservation,110000153:110000153:110004715:1100031909,1,,adult,,present,,,urn:lsid:marinespecies.org:taxname:137156,Rissa tridactyla,Animalia
110000153:110000153:110004715,HumanObservation,110000153:110000153:110004715:1100031910,1,,,,present,,7.5600000000,urn:lsid:marinespecies.org:taxname:137186,Gavia arctica,Animalia
110000153:110000153:110004715,HumanObservation,110000153:110000153:110004715:1100031911,1,,adult,,present,,O,urn:lsid:marinespecies.org:taxname:137141,Larus canus,Animalia
110000153:110000153:110004715,HumanObservation,110000153:110000153:110004715:1100031912,1,,adult,,present,,,urn:lsid:marinespecies.org:taxname:137188,Gavia stellata,Animalia
110000153:110000153:110004715,HumanObservation,110000153:110000153:110004715:1100031913,1,,adult,,present,,7.5900000000,urn:lsid:marinespecies.org:taxname:137188,Gavia stellata,Animalia
110000153:110000153:110004715,HumanObservation,110000153:110000153:110004715:1100031914,2,,,,present,,7.5200000000,urn:lsid:marinespecies.org:taxname:137128,Alca torda,Animalia
110000153:110000153:110004715,HumanObservation,110000153:110000153:110004715:1100031915,1,,adult,,present,,7.5200000000,urn:lsid:marinespecies.org:taxname:137188,Gavia stellata,Animalia
110000153:110000153:110004716,HumanObservation,110000153:110000153:110004716:1100031916,1,female,,,present,,,urn:lsid:marinespecies.org:taxname:137073,Melanitta nigra,Animalia
110000153:110000153:110004716,HumanObservation,110000153:110000153:110004716:1100031917,4,male,,,present,,,urn:lsid:marinespecies.org:taxname:137073,Melanitta nigra,Animalia
110000153:110000153:110004716,HumanObservation,110000153:110000153:110004716:1100031918,1,,adult,,present,,,urn:lsid:marinespecies.org:taxname:137156,Rissa tridactyla,Animalia
110000153:110000153:110004716,HumanObservation,110000153:110000153:110004716:1100031919,2,,,,present,,,urn:lsid:marinespecies.org:taxname:137073,Melanitta nigra,Animalia
110000153:110000153:110004716,HumanObservation,110000153:110000153:110004716:1100031920,90,,,,present,,,urn:lsid:marinespecies.org:taxname:137073,Melanitta nigra,Animalia
110000153:110000153:110004716,HumanObservation,110000153:110000153:110004716:1100031921,1,,immature,,present,,,urn:lsid:marinespecies.org:taxname:137188,Gavia stellata,Animalia
110000153:110000153:110004717,HumanObservation,110000153:110000153:110004717:1100031922,1,female,,,present,,,urn:lsid:marinespecies.org:taxname:137073,Melanitta nigra,Animalia
110000153:110000153:110004717,HumanObservation,110000153:110000153:110004717:1100031923,2,male,,,present,,,urn:lsid:marinespecies.org:taxname:137073,Melanitta nigra,Animalia
110000153:110000153:110004717,HumanObservation,110000153:110000153:110004717:1100031924,2,female,,,present,,,urn:lsid:marinespecies.org:taxname:137073,Melanitta nigra,Animalia
110000153:110000153:110004717,HumanObservation,110000153:110000153:110004717:1100031925,3,male,,,present,,,urn:lsid:marinespecies.org:taxname:137073,Melanitta nigra,Animalia
110000153:110000153:110004717,HumanObservation,110000153:110000153:110004717:1100031926,2,,adult,,present,,,urn:lsid:marinespecies.org:taxname:137138,Larus argentatus,Animalia
110000153:110000153:110004717,HumanObservation,110000153:110000153:110004717:1100031927,2,,immature,,present,,,urn:lsid:marinespecies.org:taxname:137138,Larus argentatus,Animalia
110000153:110000153:110004717,HumanObservation,110000153:110000153:110004717:1100031928,3,,immature,,present,,,urn:lsid:marinespecies.org:taxname:137138,Larus argentatus,Animalia
110000153:110000153:110004717,HumanObservation,110000153:110000153:110004717:1100031929,7,,,,present,,,urn:lsid:marinespecies.org:taxname:137073,Melanitta nigra,Animalia
110000153:110000153:110004717,HumanObservation,110000153:110000153:110004717:1100031930,4,,,,present,,,urn:lsid:marinespecies.org:taxname:137073,Melanitta nigra,Animalia
110000153:110000153:110004717,HumanObservation,110000153:110000153:110004717:1100031931,380,,,,present,,,urn:lsid:marinespecies.org:taxname:137073,Melanitta nigra,Animalia
110000153:110000153:110004717,HumanObservation,110000153:110000153:110004717:1100031932,1,,immature,,present,,8.1800000000,urn:lsid:marinespecies.org:taxname:137188,Gavia stellata,Animalia
110000153:110000153:110004717,HumanObservation,110000153:110000153:110004717:1100031933,1,,,,present,,,urn:lsid:marinespecies.org:taxname:137133,Uria aalge,Animalia
110000153:110000153:110004717,HumanObservation,110000153:110000153:110004717:1100031934,160,,,,present,,,urn:lsid:marinespecies.org:taxname:137073,Melanitta nigra,Animalia
110000153:110000153:110004717,HumanObservation,110000153:110000153:110004717:1100031935,14,,,,present,,,urn:lsid:marinespecies.org:taxname:137073,Melanitta nigra,Animalia
110000153:110000153:110004717,HumanObservation,110000153:110000153:110004717:1100031936,210,,,,present,,,urn:lsid:marinespecies.org:taxname:137073,Melanitta nigra,Animalia
110000153:110000153:110004717,HumanObservation,110000153:110000153:110004717:1100031937,22,,,,present,,,urn:lsid:marinespecies.org:taxname:137073,Melanitta nigra,Animalia
110000153:110000153:110004717,HumanObservation,110000153:110000153:110004717:1100031938,2,,,,present,,,urn:lsid:marinespecies.org:taxname:137073,Melanitta nigra,Animalia
110000153:110000153:110004717,HumanObservation,110000153:110000153:110004717:1100031939,8,,,,present,,,urn:lsid:marinespecies.org:taxname:137073,Melanitta nigra,Animalia
110000153:110000153:110004717,HumanObservation,110000153:110000153:110004717:1100031940,8,,,,present,,,urn:lsid:marinespecies.org:taxname:137073,Melanitta nigra,Animalia
110000153:110000153:110004717,HumanObservation,110000153:110000153:110004717:1100031941,18,,,,present,,,urn:lsid:marinespecies.org:taxname:137073,Melanitta nigra,Animalia
110000153:110000153:110004717,HumanObservation,110000153:110000153:110004717:1100031942,7,,,,present,,,urn:lsid:marinespecies.org:taxname:137073,Melanitta nigra,Animalia
110000153:110000153:110004717,HumanObservation,110000153:110000153:110004717:1100031943,16,,,,present,,,urn:lsid:marinespecies.org:taxname:137073,Melanitta nigra,Animalia
110000153:110000153:110004717,HumanObservation,110000153:110000153:110004717:1100031944,3,,,,present,,,urn:lsid:marinespecies.org:taxname:137073,Melanitta nigra,Animalia
110000153:110000153:110004717,HumanObservation,110000153:110000153:110004717:1100031945,1,,adult,,present,,,urn:lsid:marinespecies.org:taxname:137149,Larus ridibundus,Animalia
110000153:110000153:110004717,HumanObservation,110000153:110000153:110004717:1100031946,6,,,,present,,,urn:lsid:marinespecies.org:taxname:137073,Melanitta nigra,Animalia
110000153:110000153:110004718,HumanObservation,110000153:110000153:110004718:1100031947,1,,,,present,,8.1300000000,urn:lsid:marinespecies.org:taxname:137182,Podiceps cristatus,Animalia
110000153:110000153:110004718,HumanObservation,110000153:110000153:110004718:1100031948,6,,,,present,,,urn:lsid:marinespecies.org:taxname:137073,Melanitta nigra,Animalia
110000153:110000153:110004718,HumanObservation,110000153:110000153:110004718:1100031949,32,,,,present,,,urn:lsid:marinespecies.org:taxname:137073,Melanitta nigra,Animalia
110000153:110000153:110004718,HumanObservation,110000153:110000153:110004718:1100031950,8,,,,present,,,urn:lsid:marinespecies.org:taxname:137073,Melanitta nigra,Animalia
110000153:110000153:110004719,HumanObservation,110000153:110000153:110004719:1100031951,7,male,,,present,,,urn:lsid:marinespecies.org:taxname:232042,Tadorna tadorna,Animalia
110000153:110000153:110004719,HumanObservation,110000153:110000153:110004719:1100031952,1,,,,present,,8.3500000000,urn:lsid:marinespecies.org:taxname:137186,Gavia arctica,Animalia
110000153:110000153:110004719,HumanObservation,110000153:110000153:110004719:1100031953,2,,,,present,,,urn:lsid:marinespecies.org:taxname:137073,Melanitta nigra,Animalia
110000153:110000153:110004719,HumanObservation,110000153:110000153:110004719:1100031954,1,,,,present,,,urn:lsid:marinespecies.org:taxname:137182,Podiceps cristatus,Animalia
110000153:110000153:110004719,HumanObservation,110000153:110000153:110004719:1100031955,1,,adult,,present,,,urn:lsid:marinespecies.org:taxname:137141,Larus canus,Animalia
110000153:110000153:110004720,HumanObservation,110000153:110000153:110004720:1100031956,3,,immature,,present,,,urn:lsid:marinespecies.org:taxname:137138,Larus argentatus,Animalia
110000153:110000153:110004720,HumanObservation,110000153:110000153:110004720:1100031957,1,,immature,,present,,,urn:lsid:marinespecies.org:taxname:137138,Larus argentatus,Animalia
110000153:110000153:110004720,HumanObservation,110000153:110000153:110004720:1100031958,1,,immature,,present,,,urn:lsid:marinespecies.org:taxname:137138,Larus argentatus,Animalia
110000153:110000153:110004720,HumanObservation,110000153:110000153:110004720:1100031959,2,,adult,,present,,,urn:lsid:marinespecies.org:taxname:137138,Larus argentatus,Animalia
110000153:110000153:110004720,HumanObservation,110000153:110000153:110004720:1100031960,1,,,,present,,8.4600000000,urn:lsid:marinespecies.org:taxname:137182,Podiceps cristatus,Animalia
110000153:110000153:110004720,HumanObservation,110000153:110000153:110004720:1100031961,1,,adult,,present,,,urn:lsid:marinespecies.org:taxname:137141,Larus canus,Animalia
110000153:110000153:110004720,HumanObservation,110000153:110000153:110004720:1100031962,2,,,,present,,8.3800000000,urn:lsid:marinespecies.org:taxname:137057,Gavia sp.,Animalia
110000153:110000153:110004720,HumanObservation,110000153:110000153:110004720:1100031963,27,,,,present,,,urn:lsid:marinespecies.org:taxname:137073,Melanitta nigra,Animalia
110000153:110000153:110004720,HumanObservation,110000153:110000153:110004720:1100031964,13,,,,present,,,urn:lsid:marinespecies.org:taxname:137073,Melanitta nigra,Animalia
110000153:110000153:110004720,HumanObservation,110000153:110000153:110004720:1100031965,21,,,,present,,,urn:lsid:marinespecies.org:taxname:137073,Melanitta nigra,Animalia
110000153:110000153:110004720,HumanObservation,110000153:110000153:110004720:1100031966,9,,,,present,,,urn:lsid:marinespecies.org:taxname:137073,Melanitta nigra,Animalia
110000153:110000153:110004720,HumanObservation,110000153:110000153:110004720:1100031967,1,,,,present,,,urn:lsid:marinespecies.org:taxname:137073,Melanitta nigra,Animalia
110000153:110000153:110004720,HumanObservation,110000153:110000153:110004720:1100031968,6,,,,present,,,urn:lsid:marinespecies.org:taxname:137073,Melanitta nigra,Animalia
110000153:110000153:110004720,HumanObservation,110000153:110000153:110004720:1100031969,1,,,,present,,8.4200000000,urn:lsid:marinespecies.org:taxname:137057,Gavia sp.,Animalia
110000153:110000153:110004720,HumanObservation,110000153:110000153:110004720:1100031970,4,,,,present,,,urn:lsid:marinespecies.org:taxname:137073,Melanitta nigra,Animalia
110000153:110000153:110004720,HumanObservation,110000153:110000153:110004720:1100031971,1,,,,present,,,urn:lsid:marinespecies.org:taxname:137073,Melanitta nigra,Animalia
110000153:110000153:110004720,HumanObservation,110000153:110000153:110004720:1100031972,1,,adult,,present,,,urn:lsid:marinespecies.org:taxname:137149,Larus ridibundus,Animalia
110000153:110000153:110004720,HumanObservation,110000153:110000153:110004720:1100031973,1,,adult,,present,,,urn:lsid:marinespecies.org:taxname:137141,Larus canus,Animalia
110000153:110000153:110004720,HumanObservation,110000153:110000153:110004720:1100031974,3,,adult,,present,,,urn:lsid:marinespecies.org:taxname:137149,Larus ridibundus,Animalia
110000153:110000153:110004721,HumanObservation,110000153:110000153:110004721:1100031975,1,,adult,,present,,8.5000000000,urn:lsid:marinespecies.org:taxname:137188,Gavia stellata,Animalia
110000153:110000153:110004721,HumanObservation,110000153:110000153:110004721:1100031976,1,,adult,,present,,,urn:lsid:marinespecies.org:taxname:137141,Larus canus,Animalia
110000153:110000153:110004721,HumanObservation,110000153:110000153:110004721:1100031977,105,,,,present,,,urn:lsid:marinespecies.org:taxname:137073,Melanitta nigra,Animalia
110000153:110000153:110004721,HumanObservation,110000153:110000153:110004721:1100031978,4,,adult,,present,,,urn:lsid:marinespecies.org:taxname:137149,Larus ridibundus,Animalia
110000153:110000153:110004721,HumanObservation,110000153:110000153:110004721:1100031979,3,,immature,,present,,,urn:lsid:marinespecies.org:taxname:137149,Larus ridibundus,Animalia
110000153:110000153:110004721,HumanObservation,110000153:110000153:110004721:1100031980,1,,adult,,present,,,urn:lsid:marinespecies.org:taxname:137149,Larus ridibundus,Animalia
110000153:110000153:110004721,HumanObservation,110000153:110000153:110004721:1100031981,13,,,,present,,,urn:lsid:marinespecies.org:taxname:137073,Melanitta nigra,Animalia
110000153:110000153:110004722,HumanObservation,110000153:110000153:110004722:1100031982,1,,adult,,present,,,urn:lsid:marinespecies.org:taxname:137149,Larus ridibundus,Animalia
110000153:110000153:110004722,HumanObservation,110000153:110000153:110004722:1100031983,1,,,,present,,8.5100000000,urn:lsid:marinespecies.org:taxname:137182,Podiceps cristatus,Animalia
110000153:110000153:110004722,HumanObservation,110000153:110000153:110004722:1100031984,1,,adult,,present,,,urn:lsid:marinespecies.org:taxname:137149,Larus ridibundus,Animalia
110000153:110000153:110004723,HumanObservation,110000153:110000153:110004723:1100031985,4,male,,,present,,,urn:lsid:marinespecies.org:taxname:158939,Anas acuta,Animalia
110000153:110000153:110004723,HumanObservation,110000153:110000153:110004723:1100031986,4,female,,,present,,,urn:lsid:marinespecies.org:taxname:158939,Anas acuta,Animalia
110000153:110000153:110004723,HumanObservation,110000153:110000153:110004723:1100031987,7,,,,present,,,urn:lsid:marinespecies.org:taxname:137074,Somateria mollissima,Animalia
110000153:110000153:110004723,HumanObservation,110000153:110000153:110004723:1100031988,1,female,,,present,,,urn:lsid:marinespecies.org:taxname:137073,Melanitta nigra,Animalia
110000153:110000153:110004723,HumanObservation,110000153:110000153:110004723:1100031989,1,,adult,,present,,,urn:lsid:marinespecies.org:taxname:137149,Larus ridibundus,Animalia
110000153:110000153:110004723,HumanObservation,110000153:110000153:110004723:1100031990,2,,adult,,present,,,urn:lsid:marinespecies.org:taxname:137149,Larus ridibundus,Animalia
110000153:110000153:110004723,HumanObservation,110000153:110000153:110004723:1100031991,1,male,immature,,present,,,urn:lsid:marinespecies.org:taxname:137074,Somateria mollissima,Animalia
110000153:110000153:110004723,HumanObservation,110000153:110000153:110004723:1100031992,1,,,,present,,,urn:lsid:marinespecies.org:taxname:137188,Gavia stellata,Animalia
110000153:110000153:110004723,HumanObservation,110000153:110000153:110004723:1100031993,45,,,,present,,,urn:lsid:marinespecies.org:taxname:159037,Numenius arquata,Animalia
110000153:110000153:110004723,HumanObservation,110000153:110000153:110004723:1100031994,1,,,,present,,8.5600000000,urn:lsid:marinespecies.org:taxname:137182,Podiceps cristatus,Animalia
110000153:110000153:110004724,HumanObservation,110000153:110000153:110004724:1100031995,1,,,,present,,,urn:lsid:marinespecies.org:taxname:137188,Gavia stellata,Animalia
110000153:110000153:110004724,HumanObservation,110000153:110000153:110004724:1100031996,1,,,,present,,,urn:lsid:marinespecies.org:taxname:137186,Gavia arctica,Animalia
110000153:110000153:110004724,HumanObservation,110000153:110000153:110004724:1100031997,2,,adult,,present,,8.5700000000,urn:lsid:marinespecies.org:taxname:137188,Gavia stellata,Animalia
110000153:110000153:110004724,HumanObservation,110000153:110000153:110004724:1100031998,1,,immature,,present,,,urn:lsid:marinespecies.org:taxname:137141,Larus canus,Animalia
110000153:110000153:110004724,HumanObservation,110000153:110000153:110004724:1100031999,75,,,,present,,,urn:lsid:marinespecies.org:taxname:159172,Aythya marila,Animalia
110000153:110000153:110004724,HumanObservation,110000153:110000153:110004724:1100032000,2,,,,present,,,urn:lsid:marinespecies.org:taxname:137182,Podiceps cristatus,Animalia
110000153:110000153:110004724,HumanObservation,110000153:110000153:110004724:1100032001,2,male,,,present,,,urn:lsid:marinespecies.org:taxname:137073,Melanitta nigra,Animalia
110000153:110000153:110004724,HumanObservation,110000153:110000153:110004724:1100032002,1,,,,present,,,urn:lsid:marinespecies.org:taxname:137057,Gavia sp.,Animalia
110000153:110000153:110004724,HumanObservation,110000153:110000153:110004724:1100032003,1,,,,present,,9.0600000000,urn:lsid:marinespecies.org:taxname:137182,Podiceps cristatus,Animalia
110000153:110000153:110004724,HumanObservation,110000153:110000153:110004724:1100032004,2,,adult,,present,,,urn:lsid:marinespecies.org:taxname:137138,Larus argentatus,Animalia
110000153:110000153:110004724,HumanObservation,110000153:110000153:110004724:1100032005,1,,immature,,present,,,urn:lsid:marinespecies.org:taxname:137188,Gavia stellata,Animalia
110000153:110000153:110004724,HumanObservation,110000153:110000153:110004724:1100032006,1,,immature,,present,,,urn:lsid:marinespecies.org:taxname:137149,Larus ridibundus,Animalia
110000153:110000153:110004725,HumanObservation,110000153:110000153:110004725:1100032007,1,,immature,Scavenging,present,,,urn:lsid:marinespecies.org:taxname:137146,Larus marinus,Animalia
110000153:110000153:110004725,HumanObservation,110000153:110000153:110004725:1100032008,1,,,Dead,present,,,urn:lsid:marinespecies.org:taxname:137128,Alca torda,Animalia
110000153:110000153:110004725,HumanObservation,110000153:110000153:110004725:1100032009,1,,adult,,present,,,urn:lsid:marinespecies.org:taxname:137188,Gavia stellata,Animalia
110000153:110000153:110004725,HumanObservation,110000153:110000153:110004725:1100032010,1,,adult,,present,,,urn:lsid:marinespecies.org:taxname:137141,Larus canus,Animalia
110000153:110000153:110004725,HumanObservation,110000153:110000153:110004725:1100032011,1,,adult,,present,,,urn:lsid:marinespecies.org:taxname:137141,Larus canus,Animalia
110000153:110000153:110004725,HumanObservation,110000153:110000153:110004725:1100032012,1,,,,present,,,urn:lsid:marinespecies.org:taxname:137188,Gavia stellata,Animalia
110000153:110000153:110004725,HumanObservation,110000153:110000153:110004725:1100032013,1,,,,present,,,urn:lsid:marinespecies.org:taxname:137182,Podiceps cristatus,Animalia
110000153:110000153:110004725,HumanObservation,110000153:110000153:110004725:1100032014,1,,adult,,present,,,urn:lsid:marinespecies.org:taxname:137149,Larus ridibundus,Animalia
110000153:110000153:110004725,HumanObservation,110000153:110000153:110004725:1100032015,1,male,,,present,,,urn:lsid:marinespecies.org:taxname:137073,Melanitta nigra,Animalia
110000153:110000153:110004726,HumanObservation,110000153:110000153:110004726:1100032016,4,male,,,present,,,urn:lsid:marinespecies.org:taxname:137073,Melanitta nigra,Animalia
110000153:110000153:110004726,HumanObservation,110000153:110000153:110004726:1100032017,1,female,,,present,,,urn:lsid:marinespecies.org:taxname:137073,Melanitta nigra,Animalia
110000153:110000153:110004726,HumanObservation,110000153:110000153:110004726:1100032018,1,,immature,,present,,,urn:lsid:marinespecies.org:taxname:137141,Larus canus,Animalia
110000153:110000153:110004726,HumanObservation,110000153:110000153:110004726:1100032019,5,,,,present,,,urn:lsid:marinespecies.org:taxname:137073,Melanitta nigra,Animalia
110000153:110000153:110004726,HumanObservation,110000153:110000153:110004726:1100032020,1,,adult,,present,,,urn:lsid:marinespecies.org:taxname:137141,Larus canus,Animalia
110000153:110000153:110004726,HumanObservation,110000153:110000153:110004726:1100032021,11,,,,present,,,urn:lsid:marinespecies.org:taxname:159037,Numenius arquata,Animalia
110000153:110000153:110004726,HumanObservation,110000153:110000153:110004726:1100032022,3,,,,present,,,urn:lsid:marinespecies.org:taxname:137073,Melanitta nigra,Animalia
110000153:110000153:110004726,HumanObservation,110000153:110000153:110004726:1100032023,1,,adult,,present,,,urn:lsid:marinespecies.org:taxname:137141,Larus canus,Animalia
110000153:110000153:110004726,HumanObservation,110000153:110000153:110004726:1100032024,1,,,,present,,,urn:lsid:marinespecies.org:taxname:137182,Podiceps cristatus,Animalia
110000153:110000153:110004726,HumanObservation,110000153:110000153:110004726:1100032025,1,,,,present,,,urn:lsid:marinespecies.org:taxname:137182,Podiceps cristatus,Animalia
110000153:110000153:110004726,HumanObservation,110000153:110000153:110004726:1100032026,8,,,,present,,,urn:lsid:marinespecies.org:taxname:159098,Mergus serrator,Animalia
110000153:110000153:110004726,HumanObservation,110000153:110000153:110004726:1100032027,1,,,,present,,,urn:lsid:marinespecies.org:taxname:137133,Uria aalge,Animalia
110000153:110000153:110004726,HumanObservation,110000153:110000153:110004726:1100032028,5,,,,present,,,urn:lsid:marinespecies.org:taxname:137073,Melanitta nigra,Animalia
110000153:110000153:110004726,HumanObservation,110000153:110000153:110004726:1100032029,8,,,,present,,,urn:lsid:marinespecies.org:taxname:137073,Melanitta nigra,Animalia
110000153:110000153:110004726,HumanObservation,110000153:110000153:110004726:1100032030,1,,adult,,present,,9.2200000000,urn:lsid:marinespecies.org:taxname:137188,Gavia stellata,Animalia
110000153:110000153:110004726,HumanObservation,110000153:110000153:110004726:1100032031,1,male,,,present,,,urn:lsid:marinespecies.org:taxname:137073,Melanitta nigra,Animalia
110000153:110000153:110004726,HumanObservation,110000153:110000153:110004726:1100032032,1,,adult,,present,,,urn:lsid:marinespecies.org:taxname:137141,Larus canus,Animalia
110000153:110000153:110004726,HumanObservation,110000153:110000153:110004726:1100032033,1,,immature,,present,,,urn:lsid:marinespecies.org:taxname:137138,Larus argentatus,Animalia
110000153:110000153:110004726,HumanObservation,110000153:110000153:110004726:1100032034,2,,,,present,,,urn:lsid:marinespecies.org:taxname:137073,Melanitta nigra,Animalia
110000153:110000153:110004726,HumanObservation,110000153:110000153:110004726:1100032035,1,,,,present,,,urn:lsid:marinespecies.org:taxname:137182,Podiceps cristatus,Animalia
110000153:110000153:110004727,HumanObservation,110000153:110000153:110004727:1100032036,1,,,,present,,,urn:lsid:marinespecies.org:taxname:137057,Gavia sp.,Animalia
110000153:110000153:110004728,HumanObservation,110000153:110000153:110004728:1100032037,1,,,,present,,9.4400000000,urn:lsid:marinespecies.org:taxname:137182,Podiceps cristatus,Animalia
110000153:110000153:110004729,HumanObservation,110000153:110000153:110004729:1100032038,25,,,,present,,,urn:lsid:marinespecies.org:taxname:137073,Melanitta nigra,Animalia
110000153:110000153:110004729,HumanObservation,110000153:110000153:110004729:1100032039,8,,,,present,,,urn:lsid:marinespecies.org:taxname:137073,Melanitta nigra,Animalia
110000153:110000153:110004729,HumanObservation,110000153:110000153:110004729:1100032040,1,male,,,present,,,urn:lsid:marinespecies.org:taxname:159098,Mergus serrator,Animalia
110000153:110000153:110004729,HumanObservation,110000153:110000153:110004729:1100032041,5,,,,present,,,urn:lsid:marinespecies.org:taxname:137073,Melanitta nigra,Animalia
110000153:110000153:110004729,HumanObservation,110000153:110000153:110004729:1100032042,12,,,,present,,,urn:lsid:marinespecies.org:taxname:137073,Melanitta nigra,Animalia
110000153:110000153:110004729,HumanObservation,110000153:110000153:110004729:1100032043,140,,,,present,,,urn:lsid:marinespecies.org:taxname:137073,Melanitta nigra,Animalia
110000153:110000153:110004729,HumanObservation,110000153:110000153:110004729:1100032044,10,,,,present,,,urn:lsid:marinespecies.org:taxname:137073,Melanitta nigra,Animalia
110000153:110000153:110004729,HumanObservation,110000153:110000153:110004729:1100032045,2,,,,present,,,urn:lsid:marinespecies.org:taxname:137073,Melanitta nigra,Animalia
110000153:110000153:110004729,HumanObservation,110000153:110000153:110004729:1100032046,20,,,,present,,,urn:lsid:marinespecies.org:taxname:137073,Melanitta nigra,Animalia
110000153:110000153:110004729,HumanObservation,110000153:110000153:110004729:1100032047,24,,,,present,,,urn:lsid:marinespecies.org:taxname:137073,Melanitta nigra,Animalia
110000153:110000153:110004729,HumanObservation,110000153:110000153:110004729:1100032048,1,,adult,,present,,,urn:lsid:marinespecies.org:taxname:137141,Larus canus,Animalia
110000153:110000153:110004729,HumanObservation,110000153:110000153:110004729:1100032049,4,,,,present,,,urn:lsid:marinespecies.org:taxname:137073,Melanitta nigra,Animalia
110000153:110000153:110004729,HumanObservation,110000153:110000153:110004729:1100032050,3,,adult,,present,,,urn:lsid:marinespecies.org:taxname:137141,Larus canus,Animalia
110000153:110000153:110004729,HumanObservation,110000153:110000153:110004729:1100032051,35,,,,present,,,urn:lsid:marinespecies.org:taxname:137073,Melanitta nigra,Animalia
110000153:110000153:110004729,HumanObservation,110000153:110000153:110004729:1100032052,1,,immature,,present,,,urn:lsid:marinespecies.org:taxname:137141,Larus canus,Animalia
110000153:110000153:110004729,HumanObservation,110000153:110000153:110004729:1100032053,3,,,,present,,,urn:lsid:marinespecies.org:taxname:137073,Melanitta nigra,Animalia
110000153:110000153:110004729,HumanObservation,110000153:110000153:110004729:1100032054,1,male,immature,Dead,present,,,urn:lsid:marinespecies.org:taxname:137074,Somateria mollissima,Animalia
110000153:110000153:110004730,HumanObservation,110000153:110000153:110004730:1100032055,13,,,,present,,,urn:lsid:marinespecies.org:taxname:137073,Melanitta nigra,Animalia
110000153:110000153:110004730,HumanObservation,110000153:110000153:110004730:1100032056,17,,,,present,,,urn:lsid:marinespecies.org:taxname:137073,Melanitta nigra,Animalia
110000153:110000153:110004730,HumanObservation,110000153:110000153:110004730:1100032057,1,,,,present,,,urn:lsid:marinespecies.org:taxname:137188,Gavia stellata,Animalia
110000153:110000153:110004730,HumanObservation,110000153:110000153:110004730:1100032058,14,,,,present,,,urn:lsid:marinespecies.org:taxname:137073,Melanitta nigra,Animalia
110000153:110000153:110004730,HumanObservation,110000153:110000153:110004730:1100032059,12,,,,present,,,urn:lsid:marinespecies.org:taxname:137073,Melanitta nigra,Animalia
110000153:110000153:110004730,HumanObservation,110000153:110000153:110004730:1100032060,4,,,,present,,,urn:lsid:marinespecies.org:taxname:137073,Melanitta nigra,Animalia
110000153:110000153:110004730,HumanObservation,110000153:110000153:110004730:1100032061,3,,,,present,,,urn:lsid:marinespecies.org:taxname:137073,Melanitta nigra,Animalia
110000153:110000153:110004730,HumanObservation,110000153:110000153:110004730:1100032062,285,,,,present,,,urn:lsid:marinespecies.org:taxname:137073,Melanitta nigra,Animalia
110000153:110000153:110004730,HumanObservation,110000153:110000153:110004730:1100032063,9,,,,present,,,urn:lsid:marinespecies.org:taxname:137073,Melanitta nigra,Animalia
110000153:110000153:110004731,HumanObservation,110000153:110000153:110004731:1100032064,40,,,,present,,,urn:lsid:marinespecies.org:taxname:137073,Melanitta nigra,Animalia
110000153:110000153:110004731,HumanObservation,110000153:110000153:110004731:1100032065,6,,,,present,,,urn:lsid:marinespecies.org:taxname:137073,Melanitta nigra,Animalia
110000153:110000153:110004731,HumanObservation,110000153:110000153:110004731:1100032066,7,,,,present,,,urn:lsid:marinespecies.org:taxname:137073,Melanitta nigra,Animalia
110000153:110000153:110004731,HumanObservation,110000153:110000153:110004731:1100032067,1,,adult,,present,,,urn:lsid:marinespecies.org:taxname:137141,Larus canus,Animalia
110000153:110000153:110004731,HumanObservation,110000153:110000153:110004731:1100032068,1,,immature,,present,,,urn:lsid:marinespecies.org:taxname:137146,Larus marinus,Animalia
110000153:110000153:110004732,HumanObservation,110000153:110000153:110004732:1100032069,85,,,,present,,,urn:lsid:marinespecies.org:taxname:137073,Melanitta nigra,Animalia
110000153:110000153:110004732,HumanObservation,110000153:110000153:110004732:1100032070,1,,adult,,present,,,urn:lsid:marinespecies.org:taxname:137141,Larus canus,Animalia
110000153:110000153:110004732,HumanObservation,110000153:110000153:110004732:1100032071,9,,,,present,,,urn:lsid:marinespecies.org:taxname:137073,Melanitta nigra,Animalia
110000153:110000153:110004732,HumanObservation,110000153:110000153:110004732:1100032072,8,,,,present,,,urn:lsid:marinespecies.org:taxname:137073,Melanitta nigra,Animalia
110000153:110000153:110004732,HumanObservation,110000153:110000153:110004732:1100032073,1,,immature,,present,,10.1000000000,urn:lsid:marinespecies.org:taxname:137188,Gavia stellata,Animalia
110000153:110000153:110004733,HumanObservation,110000153:110000153:110004733:1100032074,7,,,,present,,,urn:lsid:marinespecies.org:taxname:137073,Melanitta nigra,Animalia
110000153:110000153:110004734,HumanObservation,110000153:110000153:110004734:1100032075,14,,,,present,,,urn:lsid:marinespecies.org:taxname:137073,Melanitta nigra,Animalia
110000153:110000153:110004734,HumanObservation,110000153:110000153:110004734:1100032076,1,,immature,,present,,,urn:lsid:marinespecies.org:taxname:137138,Larus argentatus,Animalia
110000153:110000153:110004734,HumanObservation,110000153:110000153:110004734:1100032077,1,,adult,,present,,,urn:lsid:marinespecies.org:taxname:137141,Larus canus,Animalia
110000153:110000153:110004734,HumanObservation,110000153:110000153:110004734:1100032078,1,,immature,,present,,,urn:lsid:marinespecies.org:taxname:137141,Larus canus,Animalia
110000153:110000153:110004734,HumanObservation,110000153:110000153:110004734:1100032079,6,,,,present,,,urn:lsid:marinespecies.org:taxname:137073,Melanitta nigra,Animalia
110000153:110000153:110004734,HumanObservation,110000153:110000153:110004734:1100032080,1,,adult,,present,,,urn:lsid:marinespecies.org:taxname:137141,Larus canus,Animalia
110000153:110000153:110004734,HumanObservation,110000153:110000153:110004734:1100032081,2,,,,present,,,urn:lsid:marinespecies.org:taxname:137073,Melanitta nigra,Animalia
110000153:110000153:110004734,HumanObservation,110000153:110000153:110004734:1100032082,1,,adult,,present,,,urn:lsid:marinespecies.org:taxname:137138,Larus argentatus,Animalia
110000153:110000153:110004735,HumanObservation,110000153:110000153:110004735:1100032083,2,,,,present,,,urn:lsid:marinespecies.org:taxname:137179,Phalacrocorax carbo,Animalia
110000153:110000153:110004736,HumanObservation,110000153:110000153:110004736:1100032084,1,,immature,,present,,,urn:lsid:marinespecies.org:taxname:137141,Larus canus,Animalia
110000153:110000153:110004737,HumanObservation,110000153:110000153:110004737:1100032085,60,,,,present,,,urn:lsid:marinespecies.org:taxname:1464521,Mareca penelope,Animalia
110000153:110000153:110004737,HumanObservation,110000153:110000153:110004737:1100032086,2,,,,present,,,urn:lsid:marinespecies.org:taxname:137073,Melanitta nigra,Animalia
110000153:110000153:110004737,HumanObservation,110000153:110000153:110004737:1100032087,110,,,,present,,,urn:lsid:marinespecies.org:taxname:1464521,Mareca penelope,Animalia
110000153:110000153:110004737,HumanObservation,110000153:110000153:110004737:1100032088,6,,,,present,,,urn:lsid:marinespecies.org:taxname:137073,Melanitta nigra,Animalia
110000153:110000153:110004737,HumanObservation,110000153:110000153:110004737:1100032089,2,,,,present,,,urn:lsid:marinespecies.org:taxname:1464521,Mareca penelope,Animalia
110000153:110000153:110004737,HumanObservation,110000153:110000153:110004737:1100032090,10,,,,present,,,urn:lsid:marinespecies.org:taxname:137073,Melanitta nigra,Animalia
110000153:110000153:110004737,HumanObservation,110000153:110000153:110004737:1100032091,2,,,,present,,,urn:lsid:marinespecies.org:taxname:137182,Podiceps cristatus,Animalia
110000153:110000153:110004738,HumanObservation,110000153:110000153:110004738:1100032092,1,,adult,,present,,,urn:lsid:marinespecies.org:taxname:137149,Larus ridibundus,Animalia
110000153:110000153:110004738,HumanObservation,110000153:110000153:110004738:1100032093,2,,adult,,present,,,urn:lsid:marinespecies.org:taxname:137149,Larus ridibundus,Animalia
110000153:110000153:110004738,HumanObservation,110000153:110000153:110004738:1100032094,18,male,,,present,,,urn:lsid:marinespecies.org:taxname:137073,Melanitta nigra,Animalia
110000153:110000153:110004738,HumanObservation,110000153:110000153:110004738:1100032095,2,female,,,present,,,urn:lsid:marinespecies.org:taxname:137073,Melanitta nigra,Animalia
110000153:110000153:110004738,HumanObservation,110000153:110000153:110004738:1100032096,41,,,,present,,,urn:lsid:marinespecies.org:taxname:137149,Larus ridibundus,Animalia
110000153:110000153:110004738,HumanObservation,110000153:110000153:110004738:1100032097,1,,adult,,present,,,urn:lsid:marinespecies.org:taxname:137149,Larus ridibundus,Animalia
110000153:110000153:110004738,HumanObservation,110000153:110000153:110004738:1100032098,1,,adult,,present,,,urn:lsid:marinespecies.org:taxname:137138,Larus argentatus,Animalia
110000153:110000153:110004738,HumanObservation,110000153:110000153:110004738:1100032099,1,,adult,,present,,,urn:lsid:marinespecies.org:taxname:137141,Larus canus,Animalia
110000153:110000153:110004738,HumanObservation,110000153:110000153:110004738:1100032100,1,,adult,,present,,,urn:lsid:marinespecies.org:taxname:137149,Larus ridibundus,Animalia
110000153:110000153:110004738,HumanObservation,110000153:110000153:110004738:1100032101,1,,adult,,present,,,urn:lsid:marinespecies.org:taxname:137149,Larus ridibundus,Animalia
110000153:110000153:110004738,HumanObservation,110000153:110000153:110004738:1100032102,1,,adult,,present,,,urn:lsid:marinespecies.org:taxname:137149,Larus ridibundus,Animalia
110000153:110000153:110004738,HumanObservation,110000153:110000153:110004738:1100032103,1,,,,present,,,urn:lsid:marinespecies.org:taxname:137182,Podiceps cristatus,Animalia
110000153:110000153:110004739,HumanObservation,110000153:110000153:110004739:1100032104,1,,,,present,,,urn:lsid:marinespecies.org:taxname:137073,Melanitta nigra,Animalia
110000153:110000153:110004739,HumanObservation,110000153:110000153:110004739:1100032105,1,,adult,,present,,,urn:lsid:marinespecies.org:taxname:137149,Larus ridibundus,Animalia
110000153:110000153:110004739,HumanObservation,110000153:110000153:110004739:1100032106,2,,,,present,,,urn:lsid:marinespecies.org:taxname:137073,Melanitta nigra,Animalia
110000153:110000153:110004739,HumanObservation,110000153:110000153:110004739:1100032107,1,,,,present,,,urn:lsid:marinespecies.org:taxname:137188,Gavia stellata,Animalia
110000153:110000153:110004739,HumanObservation,110000153:110000153:110004739:1100032108,9,,,,present,,,urn:lsid:marinespecies.org:taxname:137073,Melanitta nigra,Animalia
110000153:110000153:110004739,HumanObservation,110000153:110000153:110004739:1100032109,1,,immature,,present,,,urn:lsid:marinespecies.org:taxname:137149,Larus ridibundus,Animalia
110000153:110000153:110004739,HumanObservation,110000153:110000153:110004739:1100032110,2,,,,present,,,urn:lsid:marinespecies.org:taxname:137073,Melanitta nigra,Animalia
110000153:110000153:110004739,HumanObservation,110000153:110000153:110004739:1100032111,22,,,,present,,,urn:lsid:marinespecies.org:taxname:137073,Melanitta nigra,Animalia
110000153:110000153:110004739,HumanObservation,110000153:110000153:110004739:1100032112,1,,adult,,present,,,urn:lsid:marinespecies.org:taxname:137141,Larus canus,Animalia
110000153:110000153:110004740,HumanObservation,110000153:110000153:110004740:1100032113,30,,,,present,,,urn:lsid:marinespecies.org:taxname:137073,Melanitta nigra,Animalia
110000153:110000153:110004740,HumanObservation,110000153:110000153:110004740:1100032114,33,,,,present,,,urn:lsid:marinespecies.org:taxname:137073,Melanitta nigra,Animalia
110000153:110000153:110004740,HumanObservation,110000153:110000153:110004740:1100032115,1,,,,present,,,urn:lsid:marinespecies.org:taxname:137182,Podiceps cristatus,Animalia
110000153:110000153:110004740,HumanObservation,110000153:110000153:110004740:1100032116,1,,,,present,,,urn:lsid:marinespecies.org:taxname:137073,Melanitta nigra,Animalia
110000153:110000153:110004740,HumanObservation,110000153:110000153:110004740:1100032117,3,,,,present,,,urn:lsid:marinespecies.org:taxname:137073,Melanitta nigra,Animalia
110000153:110000153:110004740,HumanObservation,110000153:110000153:110004740:1100032118,20,,,,present,,,urn:lsid:marinespecies.org:taxname:137073,Melanitta nigra,Animalia
110000153:110000153:110004740,HumanObservation,110000153:110000153:110004740:1100032119,1,,,,present,,,urn:lsid:marinespecies.org:taxname:137182,Podiceps cristatus,Animalia
110000153:110000153:110004740,HumanObservation,110000153:110000153:110004740:1100032120,1,,,,present,,,urn:lsid:marinespecies.org:taxname:137182,Podiceps cristatus,Animalia
110000153:110000153:110004742,HumanObservation,110000153:110000153:110004742:1100032121,2,,,,present,,,urn:lsid:marinespecies.org:taxname:148791,Anas platyrhynchos,Animalia
110000153:110000153:110004742,HumanObservation,110000153:110000153:110004742:1100032122,1,,adult,,present,,,urn:lsid:marinespecies.org:taxname:137149,Larus ridibundus,Animalia
110000153:110000153:110004742,HumanObservation,110000153:110000153:110004742:1100032123,1,,adult,,present,,,urn:lsid:marinespecies.org:taxname:137149,Larus ridibundus,Animalia
110000153:110000153:110004742,HumanObservation,110000153:110000153:110004742:1100032124,1,,adult,,present,,,urn:lsid:marinespecies.org:taxname:137141,Larus canus,Animalia
110000153:110000153:110004742,HumanObservation,110000153:110000153:110004742:1100032125,1,,adult,,present,,,urn:lsid:marinespecies.org:taxname:137149,Larus ridibundus,Animalia
110000153:110000153:110004742,HumanObservation,110000153:110000153:110004742:1100032126,1,,adult,,present,,,urn:lsid:marinespecies.org:taxname:137149,Larus ridibundus,Animalia
110000153:110000153:110004742,HumanObservation,110000153:110000153:110004742:1100032127,1,,adult,,present,,,urn:lsid:marinespecies.org:taxname:137149,Larus ridibundus,Animalia
110000153:110000153:110004743,HumanObservation,110000153:110000153:110004743:1100032128,2,,adult,,present,,,urn:lsid:marinespecies.org:taxname:137149,Larus ridibundus,Animalia
110000153:110000153:110004743,HumanObservation,110000153:110000153:110004743:1100032129,1,,adult,,present,,,urn:lsid:marinespecies.org:taxname:137149,Larus ridibundus,Animalia
110000153:110000153:110004743,HumanObservation,110000153:110000153:110004743:1100032130,1,,,,present,,,urn:lsid:marinespecies.org:taxname:159037,Numenius arquata,Animalia
110000153:110000153:110004744,HumanObservation,110000153:110000153:110004744:1100032131,1,,adult,,present,,14.1400000000,urn:lsid:marinespecies.org:taxname:137188,Gavia stellata,Animalia
110000153:110000153:110004744,HumanObservation,110000153:110000153:110004744:1100032132,1,,immature,,present,,,urn:lsid:marinespecies.org:taxname:137149,Larus ridibundus,Animalia
110000153:110000153:110004744,HumanObservation,110000153:110000153:110004744:1100032133,1,,adult,,present,,,urn:lsid:marinespecies.org:taxname:137149,Larus ridibundus,Animalia
110000153:110000153:110004744,HumanObservation,110000153:110000153:110004744:1100032134,2,,,,present,,14.1400000000,urn:lsid:marinespecies.org:taxname:137133,Uria aalge,Animalia
110000153:110000153:110004744,HumanObservation,110000153:110000153:110004744:1100032135,1,,,,present,,14.1500000000,urn:lsid:marinespecies.org:taxname:137133,Uria aalge,Animalia
110000153:110000153:110004744,HumanObservation,110000153:110000153:110004744:1100032136,1,,adult,,present,,,urn:lsid:marinespecies.org:taxname:137141,Larus canus,Animalia
110000153:110000153:110004744,HumanObservation,110000153:110000153:110004744:1100032137,1,,,,present,,"SPECTACLED, 14.16",urn:lsid:marinespecies.org:taxname:137133,Uria aalge,Animalia
110000153:110000153:110004744,HumanObservation,110000153:110000153:110004744:1100032138,2,,,,present,,,urn:lsid:marinespecies.org:taxname:137133,Uria aalge,Animalia
110000153:110000153:110004744,HumanObservation,110000153:110000153:110004744:1100032139,1,,,,present,,14.0800000000,urn:lsid:marinespecies.org:taxname:137182,Podiceps cristatus,Animalia
110000153:110000153:110004744,HumanObservation,110000153:110000153:110004744:1100032140,2,,,,present,,,urn:lsid:marinespecies.org:taxname:137057,Gavia sp.,Animalia
110000153:110000153:110004744,HumanObservation,110000153:110000153:110004744:1100032141,1,,,,present,,14.1400000000,urn:lsid:marinespecies.org:taxname:137133,Uria aalge,Animalia
110000153:110000153:110004744,HumanObservation,110000153:110000153:110004744:1100032142,1,,,,present,,14.1300000000,urn:lsid:marinespecies.org:taxname:137133,Uria aalge,Animalia
110000153:110000153:110004744,HumanObservation,110000153:110000153:110004744:1100032143,1,,,,present,,14.1200000000,urn:lsid:marinespecies.org:taxname:137133,Uria aalge,Animalia
110000153:110000153:110004744,HumanObservation,110000153:110000153:110004744:1100032144,1,,,,present,,,urn:lsid:marinespecies.org:taxname:137133,Uria aalge,Animalia
110000153:110000153:110004744,HumanObservation,110000153:110000153:110004744:1100032145,1,,adult,,present,,,urn:lsid:marinespecies.org:taxname:137149,Larus ridibundus,Animalia
110000153:110000153:110004745,HumanObservation,110000153:110000153:110004745:1100032146,1,,immature,,present,,,urn:lsid:marinespecies.org:taxname:137141,Larus canus,Animalia
110000153:110000153:110004745,HumanObservation,110000153:110000153:110004745:1100032147,1,,adult,,present,,,urn:lsid:marinespecies.org:taxname:137142,Larus fuscus,Animalia
110000153:110000153:110004745,HumanObservation,110000153:110000153:110004745:1100032148,1,,adult,,present,,,urn:lsid:marinespecies.org:taxname:567449,Hydrocoloeus minutus,Animalia
110000153:110000153:110004745,HumanObservation,110000153:110000153:110004745:1100032149,1,,,,present,,14.2300000000,urn:lsid:marinespecies.org:taxname:137133,Uria aalge,Animalia
110000153:110000153:110004745,HumanObservation,110000153:110000153:110004745:1100032150,1,,adult,,present,,,urn:lsid:marinespecies.org:taxname:137141,Larus canus,Animalia
110000153:110000153:110004745,HumanObservation,110000153:110000153:110004745:1100032151,1,,,,present,,,urn:lsid:marinespecies.org:taxname:137133,Uria aalge,Animalia
110000153:110000153:110004745,HumanObservation,110000153:110000153:110004745:1100032152,1,,,,present,,,urn:lsid:marinespecies.org:taxname:137133,Uria aalge,Animalia
110000153:110000153:110004745,HumanObservation,110000153:110000153:110004745:1100032153,1,,,"Sick, unwell",present,,14.1800000000,urn:lsid:marinespecies.org:taxname:137182,Podiceps cristatus,Animalia
110000153:110000153:110004745,HumanObservation,110000153:110000153:110004745:1100032154,1,,,,present,,,urn:lsid:marinespecies.org:taxname:137141,Larus canus,Animalia
110000153:110000153:110004745,HumanObservation,110000153:110000153:110004745:1100032155,2,,adult,,present,,,urn:lsid:marinespecies.org:taxname:567449,Hydrocoloeus minutus,Animalia
110000153:110000153:110004746,HumanObservation,110000153:110000153:110004746:1100032156,1,,,,present,,14.3600000000,urn:lsid:marinespecies.org:taxname:137133,Uria aalge,Animalia
110000153:110000153:110004746,HumanObservation,110000153:110000153:110004746:1100032157,1,,adult,,present,,,urn:lsid:marinespecies.org:taxname:137141,Larus canus,Animalia
110000153:110000153:110004746,HumanObservation,110000153:110000153:110004746:1100032158,1,,,,present,,,urn:lsid:marinespecies.org:taxname:137133,Uria aalge,Animalia
110000153:110000153:110004746,HumanObservation,110000153:110000153:110004746:1100032159,1,,,,present,,,urn:lsid:marinespecies.org:taxname:137133,Uria aalge,Animalia
110000153:110000153:110004747,HumanObservation,110000153:110000153:110004747:1100032160,1,,adult,,present,,,urn:lsid:marinespecies.org:taxname:567449,Hydrocoloeus minutus,Animalia
110000153:110000153:110004747,HumanObservation,110000153:110000153:110004747:1100032161,1,,adult,,present,,,urn:lsid:marinespecies.org:taxname:137141,Larus canus,Animalia
110000153:110000153:110004747,HumanObservation,110000153:110000153:110004747:1100032162,2,,adult,,present,,,urn:lsid:marinespecies.org:taxname:137141,Larus canus,Animalia
110000153:110000153:110004747,HumanObservation,110000153:110000153:110004747:1100032163,1,,,,present,,,urn:lsid:marinespecies.org:taxname:137128,Alca torda,Animalia
110000153:110000153:110004747,HumanObservation,110000153:110000153:110004747:1100032164,1,,,,present,,14.3900000000,urn:lsid:marinespecies.org:taxname:137133,Uria aalge,Animalia
110000153:110000153:110004747,HumanObservation,110000153:110000153:110004747:1100032165,2,,adult,,present,,,urn:lsid:marinespecies.org:taxname:567449,Hydrocoloeus minutus,Animalia
110000153:110000153:110004747,HumanObservation,110000153:110000153:110004747:1100032166,1,,,,present,,14.3800000000,urn:lsid:marinespecies.org:taxname:137133,Uria aalge,Animalia
110000153:110000153:110004747,HumanObservation,110000153:110000153:110004747:1100032167,1,,,,present,,,urn:lsid:marinespecies.org:taxname:137133,Uria aalge,Animalia
110000153:110000153:110004748,HumanObservation,110000153:110000153:110004748:1100032168,2,,,,present,,,urn:lsid:marinespecies.org:taxname:137128,Alca torda,Animalia
110000153:110000153:110004748,HumanObservation,110000153:110000153:110004748:1100032169,2,,adult,,present,,,urn:lsid:marinespecies.org:taxname:567449,Hydrocoloeus minutus,Animalia
110000153:110000153:110004748,HumanObservation,110000153:110000153:110004748:1100032170,2,,adult,,present,,,urn:lsid:marinespecies.org:taxname:567449,Hydrocoloeus minutus,Animalia
110000153:110000153:110004748,HumanObservation,110000153:110000153:110004748:1100032171,1,,adult,,present,,,urn:lsid:marinespecies.org:taxname:137149,Larus ridibundus,Animalia
110000153:110000153:110004748,HumanObservation,110000153:110000153:110004748:1100032172,3,,adult,,present,,,urn:lsid:marinespecies.org:taxname:567449,Hydrocoloeus minutus,Animalia
110000153:110000153:110004748,HumanObservation,110000153:110000153:110004748:1100032173,1,,immature,,present,,,urn:lsid:marinespecies.org:taxname:137146,Larus marinus,Animalia
110000153:110000153:110004748,HumanObservation,110000153:110000153:110004748:1100032174,1,,adult,,present,,,urn:lsid:marinespecies.org:taxname:137188,Gavia stellata,Animalia
110000153:110000153:110004748,HumanObservation,110000153:110000153:110004748:1100032175,1,,adult,,present,,,urn:lsid:marinespecies.org:taxname:137149,Larus ridibundus,Animalia
110000153:110000153:110004748,HumanObservation,110000153:110000153:110004748:1100032176,1,,,,present,,14.5300000000,urn:lsid:marinespecies.org:taxname:137128,Alca torda,Animalia
110000153:110000153:110004748,HumanObservation,110000153:110000153:110004748:1100032177,1,,,,present,,14.5300000000,urn:lsid:marinespecies.org:taxname:137133,Uria aalge,Animalia
110000153:110000153:110004748,HumanObservation,110000153:110000153:110004748:1100032178,6,,adult,,present,,,urn:lsid:marinespecies.org:taxname:567449,Hydrocoloeus minutus,Animalia
110000153:110000153:110004748,HumanObservation,110000153:110000153:110004748:1100032179,1,,,,present,,14.5500000000,urn:lsid:marinespecies.org:taxname:137133,Uria aalge,Animalia
110000153:110000153:110004748,HumanObservation,110000153:110000153:110004748:1100032180,1,,,,present,,14.4700000000,urn:lsid:marinespecies.org:taxname:137133,Uria aalge,Animalia
110000153:110000153:110004748,HumanObservation,110000153:110000153:110004748:1100032181,1,,immature,,present,,14.4700000000,urn:lsid:marinespecies.org:taxname:137188,Gavia stellata,Animalia
110000153:110000153:110004748,HumanObservation,110000153:110000153:110004748:1100032182,1,,immature,,present,,,urn:lsid:marinespecies.org:taxname:137138,Larus argentatus,Animalia
110000153:110000153:110004748,HumanObservation,110000153:110000153:110004748:1100032183,1,,,,present,,14.5400000000,urn:lsid:marinespecies.org:taxname:137128,Alca torda,Animalia
110000153:110000153:110004748,HumanObservation,110000153:110000153:110004748:1100032184,1,,adult,,present,,,urn:lsid:marinespecies.org:taxname:137156,Rissa tridactyla,Animalia
110000153:110000153:110004748,HumanObservation,110000153:110000153:110004748:1100032185,1,,adult,,present,,,urn:lsid:marinespecies.org:taxname:567449,Hydrocoloeus minutus,Animalia
110000153:110000153:110004748,HumanObservation,110000153:110000153:110004748:1100032186,1,,immature,,present,,,urn:lsid:marinespecies.org:taxname:567449,Hydrocoloeus minutus,Animalia
110000153:110000153:110004748,HumanObservation,110000153:110000153:110004748:1100032187,1,,adult,,present,,,urn:lsid:marinespecies.org:taxname:567449,Hydrocoloeus minutus,Animalia
110000153:110000153:110004748,HumanObservation,110000153:110000153:110004748:1100032188,1,,immature,,present,,,urn:lsid:marinespecies.org:taxname:137156,Rissa tridactyla,Animalia
110000153:110000153:110004748,HumanObservation,110000153:110000153:110004748:1100032189,1,,,,present,,,urn:lsid:marinespecies.org:taxname:137128,Alca torda,Animalia
110000153:110000153:110004748,HumanObservation,110000153:110000153:110004748:1100032190,1,,,,present,,,urn:lsid:marinespecies.org:taxname:137133,Uria aalge,Animalia
110000153:110000153:110004748,HumanObservation,110000153:110000153:110004748:1100032191,1,,adult,,present,,O,urn:lsid:marinespecies.org:taxname:137156,Rissa tridactyla,Animalia
110000153:110000153:110004748,HumanObservation,110000153:110000153:110004748:1100032192,1,,adult,,present,,,urn:lsid:marinespecies.org:taxname:567449,Hydrocoloeus minutus,Animalia
110000153:110000153:110004749,HumanObservation,110000153:110000153:110004749:1100032193,1,,adult,,present,,,urn:lsid:marinespecies.org:taxname:567449,Hydrocoloeus minutus,Animalia
110000153:110000153:110004749,HumanObservation,110000153:110000153:110004749:1100032194,1,,,,present,,15,urn:lsid:marinespecies.org:taxname:137133,Uria aalge,Animalia
110000153:110000153:110004749,HumanObservation,110000153:110000153:110004749:1100032195,1,,immature,,present,,,urn:lsid:marinespecies.org:taxname:137149,Larus ridibundus,Animalia
